acumuladas,poblacion,provincia,total,mes,anio
364,881394,Azuay,364,1,2020
63,209933,Bolívar,63,1,2020
57,186869,Carchi,57,1,2020
109,281396,Cañar,109,1,2020
219,524004,Chimborazo,219,1,2020
138,488716,Cotopaxi,138,1,2020
307,715751,El Oro,307,1,2020
135,591083,Esmeraldas,135,1,2020
5,33042,Galápagos,5,1,2020
1978,4387434,Guayas,1978,1,2020
188,476257,Imbabura,188,1,2020
218,521154,Loja,218,1,2020
301,921763,Los Ríos,301,1,2020
626,1562079,Manabí,626,1,2020
49,196535,Morona Santiago,49,1,2020
35,133705,Napo,35,1,2020
42,161338,Orellana,42,1,2020
34,114202,Pastaza,34,1,2020
1212,3228233,Pichincha,1212,1,2020
117,401178,Santa Elena,117,1,2020
206,511151,Sto. Domingo Tsáchilas,206,1,2020
61,230503,Sucumbíos,61,1,2020
254,590600,Tungurahua,254,1,2020
26,120416,Zamora Chinchipe,26,1,2020
691,881394,Azuay,327,2,2020
148,209933,Bolívar,85,2,2020
114,186869,Carchi,57,2,2020
186,281396,Cañar,77,2,2020
408,524004,Chimborazo,189,2,2020
296,488716,Cotopaxi,158,2,2020
535,715751,El Oro,228,2,2020
296,591083,Esmeraldas,161,2,2020
9,33042,Galápagos,4,2,2020
3711,4387434,Guayas,1733,2,2020
344,476257,Imbabura,156,2,2020
394,521154,Loja,176,2,2020
589,921763,Los Ríos,288,2,2020
1169,1562079,Manabí,543,2,2020
97,196535,Morona Santiago,48,2,2020
66,133705,Napo,31,2,2020
72,161338,Orellana,30,2,2020
68,114202,Pastaza,34,2,2020
2360,3228233,Pichincha,1148,2,2020
234,401178,Santa Elena,117,2,2020
409,511151,Sto. Domingo Tsáchilas,203,2,2020
113,230503,Sucumbíos,52,2,2020
490,590600,Tungurahua,236,2,2020
52,120416,Zamora Chinchipe,26,2,2020
1051,881394,Azuay,360,3,2020
216,209933,Bolívar,68,3,2020
173,186869,Carchi,59,3,2020
290,281396,Cañar,104,3,2020
640,524004,Chimborazo,232,3,2020
463,488716,Cotopaxi,167,3,2020
867,715751,El Oro,332,3,2020
426,591083,Esmeraldas,130,3,2020
12,33042,Galápagos,3,3,2020
9189,4387434,Guayas,5478,3,2020
491,476257,Imbabura,147,3,2020
585,521154,Loja,191,3,2020
955,921763,Los Ríos,366,3,2020
1802,1562079,Manabí,633,3,2020
145,196535,Morona Santiago,48,3,2020
81,133705,Napo,15,3,2020
106,161338,Orellana,34,3,2020
93,114202,Pastaza,25,3,2020
3491,3228233,Pichincha,1131,3,2020
413,401178,Santa Elena,179,3,2020
600,511151,Sto. Domingo Tsáchilas,191,3,2020
165,230503,Sucumbíos,52,3,2020
717,590600,Tungurahua,227,3,2020
75,120416,Zamora Chinchipe,23,3,2020
1416,881394,Azuay,365,4,2020
338,209933,Bolívar,122,4,2020
230,186869,Carchi,57,4,2020
472,281396,Cañar,182,4,2020
1015,524004,Chimborazo,375,4,2020
652,488716,Cotopaxi,189,4,2020
1596,715751,El Oro,729,4,2020
659,591083,Esmeraldas,233,4,2020
15,33042,Galápagos,3,4,2020
21847,4387434,Guayas,12658,4,2020
672,476257,Imbabura,181,4,2020
783,521154,Loja,198,4,2020
1912,921763,Los Ríos,957,4,2020
3675,1562079,Manabí,1873,4,2020
177,196535,Morona Santiago,32,4,2020
120,133705,Napo,39,4,2020
139,161338,Orellana,33,4,2020
120,114202,Pastaza,27,4,2020
4801,3228233,Pichincha,1310,4,2020
1600,401178,Santa Elena,1187,4,2020
854,511151,Sto. Domingo Tsáchilas,254,4,2020
223,230503,Sucumbíos,58,4,2020
1005,590600,Tungurahua,288,4,2020
101,120416,Zamora Chinchipe,26,4,2020
1795,881394,Azuay,379,5,2020
442,209933,Bolívar,104,5,2020
299,186869,Carchi,69,5,2020
573,281396,Cañar,101,5,2020
1322,524004,Chimborazo,307,5,2020
853,488716,Cotopaxi,201,5,2020
2327,715751,El Oro,731,5,2020
998,591083,Esmeraldas,339,5,2020
16,33042,Galápagos,1,5,2020
24522,4387434,Guayas,2675,5,2020
855,476257,Imbabura,183,5,2020
1013,521154,Loja,230,5,2020
2542,921763,Los Ríos,630,5,2020
5043,1562079,Manabí,1368,5,2020
229,196535,Morona Santiago,52,5,2020
190,133705,Napo,70,5,2020
183,161338,Orellana,44,5,2020
145,114202,Pastaza,25,5,2020
6393,3228233,Pichincha,1592,5,2020
2001,401178,Santa Elena,401,5,2020
1151,511151,Sto. Domingo Tsáchilas,297,5,2020
297,230503,Sucumbíos,74,5,2020
1399,590600,Tungurahua,394,5,2020
130,120416,Zamora Chinchipe,29,5,2020
2179,881394,Azuay,384,6,2020
545,209933,Bolívar,103,6,2020
374,186869,Carchi,75,6,2020
670,281396,Cañar,97,6,2020
1641,524004,Chimborazo,319,6,2020
1153,488716,Cotopaxi,300,6,2020
2801,715751,El Oro,474,6,2020
1305,591083,Esmeraldas,307,6,2020
23,33042,Galápagos,7,6,2020
26386,4387434,Guayas,1864,6,2020
1100,476257,Imbabura,245,6,2020
1262,521154,Loja,249,6,2020
3000,921763,Los Ríos,458,6,2020
5883,1562079,Manabí,840,6,2020
302,196535,Morona Santiago,73,6,2020
278,133705,Napo,88,6,2020
269,161338,Orellana,86,6,2020
193,114202,Pastaza,48,6,2020
8259,3228233,Pichincha,1866,6,2020
2149,401178,Santa Elena,148,6,2020
1551,511151,Sto. Domingo Tsáchilas,400,6,2020
402,230503,Sucumbíos,105,6,2020
1936,590600,Tungurahua,537,6,2020
179,120416,Zamora Chinchipe,49,6,2020
2667,881394,Azuay,488,7,2020
664,209933,Bolívar,119,7,2020
483,186869,Carchi,109,7,2020
826,281396,Cañar,156,7,2020
2092,524004,Chimborazo,451,7,2020
1462,488716,Cotopaxi,309,7,2020
3239,715751,El Oro,438,7,2020
1547,591083,Esmeraldas,242,7,2020
25,33042,Galápagos,2,7,2020
28447,4387434,Guayas,2061,7,2020
1430,476257,Imbabura,330,7,2020
1612,521154,Loja,350,7,2020
3443,921763,Los Ríos,443,7,2020
6761,1562079,Manabí,878,7,2020
379,196535,Morona Santiago,77,7,2020
340,133705,Napo,62,7,2020
354,161338,Orellana,85,7,2020
260,114202,Pastaza,67,7,2020
11134,3228233,Pichincha,2875,7,2020
2269,401178,Santa Elena,120,7,2020
1988,511151,Sto. Domingo Tsáchilas,437,7,2020
582,230503,Sucumbíos,180,7,2020
2555,590600,Tungurahua,619,7,2020
224,120416,Zamora Chinchipe,45,7,2020
3311,881394,Azuay,644,8,2020
778,209933,Bolívar,114,8,2020
622,186869,Carchi,139,8,2020
1006,281396,Cañar,180,8,2020
2459,524004,Chimborazo,367,8,2020
1718,488716,Cotopaxi,256,8,2020
3640,715751,El Oro,401,8,2020
1726,591083,Esmeraldas,179,8,2020
31,33042,Galápagos,6,8,2020
30525,4387434,Guayas,2078,8,2020
1822,476257,Imbabura,392,8,2020
2001,521154,Loja,389,8,2020
3845,921763,Los Ríos,402,8,2020
7609,1562079,Manabí,848,8,2020
451,196535,Morona Santiago,72,8,2020
403,133705,Napo,63,8,2020
411,161338,Orellana,57,8,2020
305,114202,Pastaza,45,8,2020
13597,3228233,Pichincha,2463,8,2020
2433,401178,Santa Elena,164,8,2020
2311,511151,Sto. Domingo Tsáchilas,323,8,2020
690,230503,Sucumbíos,108,8,2020
2960,590600,Tungurahua,405,8,2020
282,120416,Zamora Chinchipe,58,8,2020
3852,881394,Azuay,541,9,2020
858,209933,Bolívar,80,9,2020
738,186869,Carchi,116,9,2020
1147,281396,Cañar,141,9,2020
2727,524004,Chimborazo,268,9,2020
1937,488716,Cotopaxi,219,9,2020
4070,715751,El Oro,430,9,2020
1882,591083,Esmeraldas,156,9,2020
36,33042,Galápagos,5,9,2020
32404,4387434,Guayas,1879,9,2020
2091,476257,Imbabura,269,9,2020
2295,521154,Loja,294,9,2020
4168,921763,Los Ríos,323,9,2020
8322,1562079,Manabí,713,9,2020
507,196535,Morona Santiago,56,9,2020
439,133705,Napo,36,9,2020
451,161338,Orellana,40,9,2020
336,114202,Pastaza,31,9,2020
15369,3228233,Pichincha,1772,9,2020
2540,401178,Santa Elena,107,9,2020
2550,511151,Sto. Domingo Tsáchilas,239,9,2020
751,230503,Sucumbíos,61,9,2020
3264,590600,Tungurahua,304,9,2020
309,120416,Zamora Chinchipe,27,9,2020
4338,881394,Azuay,486,10,2020
931,209933,Bolívar,73,10,2020
814,186869,Carchi,76,10,2020
1297,281396,Cañar,150,10,2020
2965,524004,Chimborazo,238,10,2020
2132,488716,Cotopaxi,195,10,2020
4407,715751,El Oro,337,10,2020
2024,591083,Esmeraldas,142,10,2020
40,33042,Galápagos,4,10,2020
34513,4387434,Guayas,2109,10,2020
2297,476257,Imbabura,206,10,2020
2509,521154,Loja,214,10,2020
4524,921763,Los Ríos,356,10,2020
9080,1562079,Manabí,758,10,2020
560,196535,Morona Santiago,53,10,2020
478,133705,Napo,39,10,2020
494,161338,Orellana,43,10,2020
366,114202,Pastaza,30,10,2020
16783,3228233,Pichincha,1414,10,2020
2681,401178,Santa Elena,141,10,2020
2768,511151,Sto. Domingo Tsáchilas,218,10,2020
819,230503,Sucumbíos,68,10,2020
3565,590600,Tungurahua,301,10,2020
328,120416,Zamora Chinchipe,19,10,2020
4768,881394,Azuay,430,11,2020
1009,209933,Bolívar,78,11,2020
878,186869,Carchi,64,11,2020
1410,281396,Cañar,113,11,2020
3199,524004,Chimborazo,234,11,2020
2343,488716,Cotopaxi,211,11,2020
4728,715751,El Oro,321,11,2020
2159,591083,Esmeraldas,135,11,2020
46,33042,Galápagos,6,11,2020
36635,4387434,Guayas,2122,11,2020
2485,476257,Imbabura,188,11,2020
2715,521154,Loja,206,11,2020
4870,921763,Los Ríos,346,11,2020
9856,1562079,Manabí,776,11,2020
606,196535,Morona Santiago,46,11,2020
514,133705,Napo,36,11,2020
545,161338,Orellana,51,11,2020
391,114202,Pastaza,25,11,2020
18130,3228233,Pichincha,1347,11,2020
2870,401178,Santa Elena,189,11,2020
2955,511151,Sto. Domingo Tsáchilas,187,11,2020
882,230503,Sucumbíos,63,11,2020
3824,590600,Tungurahua,259,11,2020
359,120416,Zamora Chinchipe,31,11,2020
5189,881394,Azuay,421,12,2020
1112,209933,Bolívar,103,12,2020
979,186869,Carchi,101,12,2020
1530,281396,Cañar,120,12,2020
3431,524004,Chimborazo,232,12,2020
2567,488716,Cotopaxi,224,12,2020
5048,715751,El Oro,320,12,2020
2310,591083,Esmeraldas,151,12,2020
51,33042,Galápagos,5,12,2020
38752,4387434,Guayas,2117,12,2020
2713,476257,Imbabura,228,12,2020
2944,521154,Loja,229,12,2020
5203,921763,Los Ríos,333,12,2020
10588,1562079,Manabí,732,12,2020
662,196535,Morona Santiago,56,12,2020
560,133705,Napo,46,12,2020
581,161338,Orellana,36,12,2020
423,114202,Pastaza,32,12,2020
19663,3228233,Pichincha,1533,12,2020
3036,401178,Santa Elena,166,12,2020
3192,511151,Sto. Domingo Tsáchilas,237,12,2020
937,230503,Sucumbíos,55,12,2020
4150,590600,Tungurahua,326,12,2020
377,120416,Zamora Chinchipe,18,12,2020
360,,Azuay,360,1,2018
91,,Bolívar,91,1,2018
56,,Carchi,56,1,2018
93,,Cañar,93,1,2018
225,,Chimborazo,225,1,2018
188,,Cotopaxi,188,1,2018
277,,El Oro,277,1,2018
160,,Esmeraldas,160,1,2018
3,,Galápagos,3,1,2018
1824,,Guayas,1824,1,2018
162,,Imbabura,162,1,2018
239,,Loja,239,1,2018
312,,Los Ríos,312,1,2018
533,,Manabí,533,1,2018
56,,Morona Santiago,56,1,2018
34,,Napo,34,1,2018
40,,Orellana,40,1,2018
0,,Otro,0,1,2018
30,,Pastaza,30,1,2018
1343,,Pichincha,1343,1,2018
105,,Santa Elena,105,1,2018
192,,Sto. Domingo Tsáchilas,192,1,2018
52,,Sucumbíos,52,1,2018
284,,Tungurahua,284,1,2018
21,,Zamora Chinchipe,21,1,2018
683,,Azuay,323,2,2018
166,,Bolívar,75,2,2018
118,,Carchi,62,2,2018
173,,Cañar,80,2,2018
438,,Chimborazo,213,2,2018
340,,Cotopaxi,152,2,2018
519,,El Oro,242,2,2018
301,,Esmeraldas,141,2,2018
6,,Galápagos,3,2,2018
3369,,Guayas,1545,2,2018
297,,Imbabura,135,2,2018
462,,Loja,223,2,2018
618,,Los Ríos,306,2,2018
1037,,Manabí,504,2,2018
107,,Morona Santiago,51,2,2018
55,,Napo,21,2,2018
71,,Orellana,31,2,2018
0,,Otro,0,2,2018
52,,Pastaza,22,2,2018
2360,,Pichincha,1017,2,2018
210,,Santa Elena,105,2,2018
365,,Sto. Domingo Tsáchilas,173,2,2018
100,,Sucumbíos,48,2,2018
530,,Tungurahua,246,2,2018
38,,Zamora Chinchipe,17,2,2018
1030,,Azuay,347,3,2018
242,,Bolívar,76,3,2018
175,,Carchi,57,3,2018
261,,Cañar,88,3,2018
624,,Chimborazo,186,3,2018
477,,Cotopaxi,137,3,2018
766,,El Oro,247,3,2018
423,,Esmeraldas,122,3,2018
9,,Galápagos,3,3,2018
5156,,Guayas,1787,3,2018
475,,Imbabura,178,3,2018
658,,Loja,196,3,2018
954,,Los Ríos,336,3,2018
1600,,Manabí,563,3,2018
142,,Morona Santiago,35,3,2018
84,,Napo,29,3,2018
107,,Orellana,36,3,2018
0,,Otro,0,3,2018
77,,Pastaza,25,3,2018
3378,,Pichincha,1018,3,2018
329,,Santa Elena,119,3,2018
534,,Sto. Domingo Tsáchilas,169,3,2018
146,,Sucumbíos,46,3,2018
750,,Tungurahua,220,3,2018
55,,Zamora Chinchipe,17,3,2018
1373,,Azuay,343,4,2018
315,,Bolívar,73,4,2018
224,,Carchi,49,4,2018
336,,Cañar,75,4,2018
829,,Chimborazo,205,4,2018
627,,Cotopaxi,150,4,2018
987,,El Oro,221,4,2018
551,,Esmeraldas,128,4,2018
13,,Galápagos,4,4,2018
6856,,Guayas,1700,4,2018
645,,Imbabura,170,4,2018
857,,Loja,199,4,2018
1245,,Los Ríos,291,4,2018
2092,,Manabí,492,4,2018
183,,Morona Santiago,41,4,2018
106,,Napo,22,4,2018
142,,Orellana,35,4,2018
0,,Otro,0,4,2018
106,,Pastaza,29,4,2018
4401,,Pichincha,1023,4,2018
428,,Santa Elena,99,4,2018
701,,Sto. Domingo Tsáchilas,167,4,2018
195,,Sucumbíos,49,4,2018
925,,Tungurahua,175,4,2018
77,,Zamora Chinchipe,22,4,2018
1700,,Azuay,327,5,2018
380,,Bolívar,65,5,2018
282,,Carchi,58,5,2018
414,,Cañar,78,5,2018
1006,,Chimborazo,177,5,2018
776,,Cotopaxi,149,5,2018
1228,,El Oro,241,5,2018
660,,Esmeraldas,109,5,2018
19,,Galápagos,6,5,2018
8509,,Guayas,1653,5,2018
814,,Imbabura,169,5,2018
1061,,Loja,204,5,2018
1532,,Los Ríos,287,5,2018
2588,,Manabí,496,5,2018
218,,Morona Santiago,35,5,2018
137,,Napo,31,5,2018
180,,Orellana,38,5,2018
0,,Otro,0,5,2018
123,,Pastaza,17,5,2018
5544,,Pichincha,1143,5,2018
526,,Santa Elena,98,5,2018
885,,Sto. Domingo Tsáchilas,184,5,2018
247,,Sucumbíos,52,5,2018
1146,,Tungurahua,221,5,2018
105,,Zamora Chinchipe,28,5,2018
2023,,Azuay,323,6,2018
462,,Bolívar,82,6,2018
337,,Carchi,55,6,2018
501,,Cañar,87,6,2018
1172,,Chimborazo,166,6,2018
949,,Cotopaxi,173,6,2018
1433,,El Oro,205,6,2018
783,,Esmeraldas,123,6,2018
23,,Galápagos,4,6,2018
10106,,Guayas,1597,6,2018
986,,Imbabura,172,6,2018
1234,,Loja,173,6,2018
1834,,Los Ríos,302,6,2018
3095,,Manabí,507,6,2018
249,,Morona Santiago,31,6,2018
162,,Napo,25,6,2018
213,,Orellana,33,6,2018
1,,Otro,1,6,2018
151,,Pastaza,28,6,2018
6593,,Pichincha,1049,6,2018
656,,Santa Elena,130,6,2018
1052,,Sto. Domingo Tsáchilas,167,6,2018
290,,Sucumbíos,43,6,2018
1401,,Tungurahua,255,6,2018
122,,Zamora Chinchipe,17,6,2018
2360,,Azuay,337,7,2018
533,,Bolívar,71,7,2018
386,,Carchi,49,7,2018
593,,Cañar,92,7,2018
1394,,Chimborazo,222,7,2018
1110,,Cotopaxi,161,7,2018
1684,,El Oro,251,7,2018
914,,Esmeraldas,131,7,2018
26,,Galápagos,3,7,2018
11744,,Guayas,1638,7,2018
1132,,Imbabura,146,7,2018
1433,,Loja,199,7,2018
2153,,Los Ríos,319,7,2018
3626,,Manabí,531,7,2018
286,,Morona Santiago,37,7,2018
199,,Napo,37,7,2018
243,,Orellana,30,7,2018
1,,Otro,0,7,2018
172,,Pastaza,21,7,2018
7652,,Pichincha,1059,7,2018
783,,Santa Elena,127,7,2018
1232,,Sto. Domingo Tsáchilas,180,7,2018
340,,Sucumbíos,50,7,2018
1643,,Tungurahua,242,7,2018
144,,Zamora Chinchipe,22,7,2018
2725,,Azuay,365,8,2018
593,,Bolívar,60,8,2018
456,,Carchi,70,8,2018
695,,Cañar,102,8,2018
1575,,Chimborazo,181,8,2018
1244,,Cotopaxi,134,8,2018
1918,,El Oro,234,8,2018
1042,,Esmeraldas,128,8,2018
32,,Galápagos,6,8,2018
13433,,Guayas,1689,8,2018
1303,,Imbabura,171,8,2018
1621,,Loja,188,8,2018
2479,,Los Ríos,326,8,2018
4168,,Manabí,542,8,2018
323,,Morona Santiago,37,8,2018
231,,Napo,32,8,2018
274,,Orellana,31,8,2018
1,,Otro,0,8,2018
209,,Pastaza,37,8,2018
8762,,Pichincha,1110,8,2018
906,,Santa Elena,123,8,2018
1408,,Sto. Domingo Tsáchilas,176,8,2018
396,,Sucumbíos,56,8,2018
1879,,Tungurahua,236,8,2018
177,,Zamora Chinchipe,33,8,2018
3077,,Azuay,352,9,2018
653,,Bolívar,60,9,2018
518,,Carchi,62,9,2018
805,,Cañar,110,9,2018
1795,,Chimborazo,220,9,2018
1400,,Cotopaxi,156,9,2018
2167,,El Oro,249,9,2018
1155,,Esmeraldas,113,9,2018
33,,Galápagos,1,9,2018
15021,,Guayas,1588,9,2018
1453,,Imbabura,150,9,2018
1801,,Loja,180,9,2018
2762,,Los Ríos,283,9,2018
4703,,Manabí,535,9,2018
366,,Morona Santiago,43,9,2018
269,,Napo,38,9,2018
307,,Orellana,33,9,2018
1,,Otro,0,9,2018
226,,Pastaza,17,9,2018
9769,,Pichincha,1007,9,2018
1000,,Santa Elena,94,9,2018
1585,,Sto. Domingo Tsáchilas,177,9,2018
453,,Sucumbíos,57,9,2018
2131,,Tungurahua,252,9,2018
193,,Zamora Chinchipe,16,9,2018
3419,,Azuay,342,10,2018
712,,Bolívar,59,10,2018
573,,Carchi,55,10,2018
907,,Cañar,102,10,2018
1994,,Chimborazo,199,10,2018
1550,,Cotopaxi,150,10,2018
2444,,El Oro,277,10,2018
1289,,Esmeraldas,134,10,2018
37,,Galápagos,4,10,2018
16661,,Guayas,1640,10,2018
1621,,Imbabura,168,10,2018
2010,,Loja,209,10,2018
3053,,Los Ríos,291,10,2018
5222,,Manabí,519,10,2018
405,,Morona Santiago,39,10,2018
299,,Napo,30,10,2018
342,,Orellana,35,10,2018
2,,Otro,1,10,2018
247,,Pastaza,21,10,2018
10830,,Pichincha,1061,10,2018
1109,,Santa Elena,109,10,2018
1769,,Sto. Domingo Tsáchilas,184,10,2018
505,,Sucumbíos,52,10,2018
2339,,Tungurahua,208,10,2018
207,,Zamora Chinchipe,14,10,2018
3706,,Azuay,287,11,2018
771,,Bolívar,59,11,2018
628,,Carchi,55,11,2018
986,,Cañar,79,11,2018
2170,,Chimborazo,176,11,2018
1685,,Cotopaxi,135,11,2018
2670,,El Oro,226,11,2018
1420,,Esmeraldas,131,11,2018
46,,Galápagos,9,11,2018
18287,,Guayas,1626,11,2018
1798,,Imbabura,177,11,2018
2194,,Loja,184,11,2018
3334,,Los Ríos,281,11,2018
5751,,Manabí,529,11,2018
457,,Morona Santiago,52,11,2018
337,,Napo,38,11,2018
370,,Orellana,28,11,2018
2,,Otro,0,11,2018
284,,Pastaza,37,11,2018
11902,,Pichincha,1072,11,2018
1222,,Santa Elena,113,11,2018
1928,,Sto. Domingo Tsáchilas,159,11,2018
557,,Sucumbíos,52,11,2018
2558,,Tungurahua,219,11,2018
221,,Zamora Chinchipe,14,11,2018
3993,,Azuay,287,12,2018
828,,Bolívar,57,12,2018
694,,Carchi,66,12,2018
1074,,Cañar,88,12,2018
2335,,Chimborazo,165,12,2018
1821,,Cotopaxi,136,12,2018
2903,,El Oro,233,12,2018
1517,,Esmeraldas,97,12,2018
52,,Galápagos,6,12,2018
19957,,Guayas,1670,12,2018
1927,,Imbabura,129,12,2018
2374,,Loja,180,12,2018
3600,,Los Ríos,266,12,2018
6252,,Manabí,501,12,2018
494,,Morona Santiago,37,12,2018
359,,Napo,22,12,2018
402,,Orellana,32,12,2018
2,,Otro,0,12,2018
322,,Pastaza,38,12,2018
13073,,Pichincha,1171,12,2018
1317,,Santa Elena,95,12,2018
2084,,Sto. Domingo Tsáchilas,156,12,2018
601,,Sucumbíos,44,12,2018
2786,,Tungurahua,228,12,2018
240,,Zamora Chinchipe,19,12,2018
314,,Azuay,314,1,2016
55,,Bolívar,55,1,2016
61,,Carchi,61,1,2016
84,,Cañar,84,1,2016
171,,Chimborazo,171,1,2016
151,,Cotopaxi,151,1,2016
225,,El Oro,225,1,2016
125,,Esmeraldas,125,1,2016
6,,Galápagos,6,1,2016
1668,,Guayas,1668,1,2016
157,,Imbabura,157,1,2016
180,,Loja,180,1,2016
286,,Los Ríos,286,1,2016
482,,Manabí,482,1,2016
42,,Morona Santiago,42,1,2016
29,,Napo,29,1,2016
35,,Orellana,35,1,2016
0,,Otro,0,1,2016
22,,Pastaza,22,1,2016
966,,Pichincha,966,1,2016
100,,Santa Elena,100,1,2016
161,,Sto. Domingo Tsáchilas,161,1,2016
53,,Sucumbíos,53,1,2016
242,,Tungurahua,242,1,2016
16,,Zamora Chinchipe,16,1,2016
596,,Azuay,282,2,2016
116,,Bolívar,61,2,2016
109,,Carchi,48,2,2016
177,,Cañar,93,2,2016
348,,Chimborazo,177,2,2016
269,,Cotopaxi,118,2,2016
441,,El Oro,216,2,2016
244,,Esmeraldas,119,2,2016
6,,Galápagos,0,2,2016
3313,,Guayas,1645,2,2016
317,,Imbabura,160,2,2016
371,,Loja,191,2,2016
570,,Los Ríos,284,2,2016
951,,Manabí,469,2,2016
75,,Morona Santiago,33,2,2016
57,,Napo,28,2,2016
64,,Orellana,29,2,2016
1,,Otro,1,2,2016
48,,Pastaza,26,2,2016
1881,,Pichincha,915,2,2016
207,,Santa Elena,107,2,2016
330,,Sto. Domingo Tsáchilas,169,2,2016
86,,Sucumbíos,33,2,2016
457,,Tungurahua,215,2,2016
27,,Zamora Chinchipe,11,2,2016
949,,Azuay,353,3,2016
189,,Bolívar,73,3,2016
170,,Carchi,61,3,2016
251,,Cañar,74,3,2016
532,,Chimborazo,184,3,2016
408,,Cotopaxi,139,3,2016
655,,El Oro,214,3,2016
398,,Esmeraldas,154,3,2016
10,,Galápagos,4,3,2016
5360,,Guayas,2047,3,2016
454,,Imbabura,137,3,2016
562,,Loja,191,3,2016
894,,Los Ríos,324,3,2016
1566,,Manabí,615,3,2016
115,,Morona Santiago,40,3,2016
82,,Napo,25,3,2016
96,,Orellana,32,3,2016
1,,Otro,0,3,2016
91,,Pastaza,43,3,2016
2871,,Pichincha,990,3,2016
311,,Santa Elena,104,3,2016
495,,Sto. Domingo Tsáchilas,165,3,2016
129,,Sucumbíos,43,3,2016
683,,Tungurahua,226,3,2016
45,,Zamora Chinchipe,18,3,2016
1255,,Azuay,306,4,2016
271,,Bolívar,82,4,2016
219,,Carchi,49,4,2016
327,,Cañar,76,4,2016
733,,Chimborazo,201,4,2016
553,,Cotopaxi,145,4,2016
893,,El Oro,238,4,2016
516,,Esmeraldas,118,4,2016
13,,Galápagos,3,4,2016
7020,,Guayas,1660,4,2016
617,,Imbabura,163,4,2016
742,,Loja,180,4,2016
1142,,Los Ríos,248,4,2016
2668,,Manabí,1102,4,2016
158,,Morona Santiago,43,4,2016
113,,Napo,31,4,2016
138,,Orellana,42,4,2016
1,,Otro,0,4,2016
109,,Pastaza,18,4,2016
3963,,Pichincha,1092,4,2016
402,,Santa Elena,91,4,2016
646,,Sto. Domingo Tsáchilas,151,4,2016
191,,Sucumbíos,62,4,2016
917,,Tungurahua,234,4,2016
66,,Zamora Chinchipe,21,4,2016
1566,,Azuay,311,5,2016
338,,Bolívar,67,5,2016
274,,Carchi,55,5,2016
418,,Cañar,91,5,2016
924,,Chimborazo,191,5,2016
702,,Cotopaxi,149,5,2016
1123,,El Oro,230,5,2016
634,,Esmeraldas,118,5,2016
17,,Galápagos,4,5,2016
8684,,Guayas,1664,5,2016
772,,Imbabura,155,5,2016
930,,Loja,188,5,2016
1435,,Los Ríos,293,5,2016
3086,,Manabí,418,5,2016
193,,Morona Santiago,35,5,2016
138,,Napo,25,5,2016
160,,Orellana,22,5,2016
1,,Otro,0,5,2016
128,,Pastaza,19,5,2016
5012,,Pichincha,1049,5,2016
493,,Santa Elena,91,5,2016
803,,Sto. Domingo Tsáchilas,157,5,2016
233,,Sucumbíos,42,5,2016
1149,,Tungurahua,232,5,2016
76,,Zamora Chinchipe,10,5,2016
1847,,Azuay,281,6,2016
393,,Bolívar,55,6,2016
316,,Carchi,42,6,2016
496,,Cañar,78,6,2016
1107,,Chimborazo,183,6,2016
836,,Cotopaxi,134,6,2016
1345,,El Oro,222,6,2016
725,,Esmeraldas,91,6,2016
20,,Galápagos,3,6,2016
10308,,Guayas,1624,6,2016
926,,Imbabura,154,6,2016
1107,,Loja,177,6,2016
1707,,Los Ríos,272,6,2016
3546,,Manabí,460,6,2016
221,,Morona Santiago,28,6,2016
167,,Napo,29,6,2016
182,,Orellana,22,6,2016
2,,Otro,1,6,2016
146,,Pastaza,18,6,2016
6026,,Pichincha,1014,6,2016
589,,Santa Elena,96,6,2016
973,,Sto. Domingo Tsáchilas,170,6,2016
286,,Sucumbíos,53,6,2016
1352,,Tungurahua,203,6,2016
97,,Zamora Chinchipe,21,6,2016
2165,,Azuay,318,7,2016
450,,Bolívar,57,7,2016
379,,Carchi,63,7,2016
601,,Cañar,105,7,2016
1303,,Chimborazo,196,7,2016
992,,Cotopaxi,156,7,2016
1567,,El Oro,222,7,2016
842,,Esmeraldas,117,7,2016
26,,Galápagos,6,7,2016
11810,,Guayas,1502,7,2016
1072,,Imbabura,146,7,2016
1295,,Loja,188,7,2016
1976,,Los Ríos,269,7,2016
4049,,Manabí,503,7,2016
258,,Morona Santiago,37,7,2016
183,,Napo,16,7,2016
204,,Orellana,22,7,2016
3,,Otro,1,7,2016
167,,Pastaza,21,7,2016
6991,,Pichincha,965,7,2016
690,,Santa Elena,101,7,2016
1120,,Sto. Domingo Tsáchilas,147,7,2016
333,,Sucumbíos,47,7,2016
1598,,Tungurahua,246,7,2016
110,,Zamora Chinchipe,13,7,2016
2479,,Azuay,314,8,2016
511,,Bolívar,61,8,2016
429,,Carchi,50,8,2016
697,,Cañar,96,8,2016
1498,,Chimborazo,195,8,2016
1127,,Cotopaxi,135,8,2016
1778,,El Oro,211,8,2016
970,,Esmeraldas,128,8,2016
32,,Galápagos,6,8,2016
13344,,Guayas,1534,8,2016
1239,,Imbabura,167,8,2016
1475,,Loja,180,8,2016
2281,,Los Ríos,305,8,2016
4558,,Manabí,509,8,2016
292,,Morona Santiago,34,8,2016
212,,Napo,29,8,2016
234,,Orellana,30,8,2016
3,,Otro,0,8,2016
196,,Pastaza,29,8,2016
7951,,Pichincha,960,8,2016
794,,Santa Elena,104,8,2016
1262,,Sto. Domingo Tsáchilas,142,8,2016
372,,Sucumbíos,39,8,2016
1868,,Tungurahua,270,8,2016
132,,Zamora Chinchipe,22,8,2016
2794,,Azuay,315,9,2016
579,,Bolívar,68,9,2016
483,,Carchi,54,9,2016
784,,Cañar,87,9,2016
1684,,Chimborazo,186,9,2016
1269,,Cotopaxi,142,9,2016
1993,,El Oro,215,9,2016
1081,,Esmeraldas,111,9,2016
38,,Galápagos,6,9,2016
14921,,Guayas,1577,9,2016
1368,,Imbabura,129,9,2016
1663,,Loja,188,9,2016
2522,,Los Ríos,241,9,2016
5046,,Manabí,488,9,2016
321,,Morona Santiago,29,9,2016
228,,Napo,16,9,2016
263,,Orellana,29,9,2016
3,,Otro,0,9,2016
223,,Pastaza,27,9,2016
8873,,Pichincha,922,9,2016
907,,Santa Elena,113,9,2016
1422,,Sto. Domingo Tsáchilas,160,9,2016
405,,Sucumbíos,33,9,2016
2075,,Tungurahua,207,9,2016
149,,Zamora Chinchipe,17,9,2016
3118,,Azuay,324,10,2016
653,,Bolívar,74,10,2016
540,,Carchi,57,10,2016
880,,Cañar,96,10,2016
1870,,Chimborazo,186,10,2016
1410,,Cotopaxi,141,10,2016
2211,,El Oro,218,10,2016
1192,,Esmeraldas,111,10,2016
46,,Galápagos,8,10,2016
16559,,Guayas,1638,10,2016
1503,,Imbabura,135,10,2016
1854,,Loja,191,10,2016
2817,,Los Ríos,295,10,2016
5582,,Manabí,536,10,2016
367,,Morona Santiago,46,10,2016
254,,Napo,26,10,2016
282,,Orellana,19,10,2016
3,,Otro,0,10,2016
250,,Pastaza,27,10,2016
9861,,Pichincha,988,10,2016
993,,Santa Elena,86,10,2016
1576,,Sto. Domingo Tsáchilas,154,10,2016
441,,Sucumbíos,36,10,2016
2288,,Tungurahua,213,10,2016
170,,Zamora Chinchipe,21,10,2016
3423,,Azuay,305,11,2016
719,,Bolívar,66,11,2016
587,,Carchi,47,11,2016
950,,Cañar,70,11,2016
2063,,Chimborazo,193,11,2016
1542,,Cotopaxi,132,11,2016
2417,,El Oro,206,11,2016
1314,,Esmeraldas,122,11,2016
49,,Galápagos,3,11,2016
18177,,Guayas,1618,11,2016
1653,,Imbabura,150,11,2016
2012,,Loja,158,11,2016
3095,,Los Ríos,278,11,2016
6073,,Manabí,491,11,2016
410,,Morona Santiago,43,11,2016
282,,Napo,28,11,2016
305,,Orellana,23,11,2016
3,,Otro,0,11,2016
272,,Pastaza,22,11,2016
10813,,Pichincha,952,11,2016
1096,,Santa Elena,103,11,2016
1732,,Sto. Domingo Tsáchilas,156,11,2016
487,,Sucumbíos,46,11,2016
2501,,Tungurahua,213,11,2016
186,,Zamora Chinchipe,16,11,2016
3694,,Azuay,271,12,2016
783,,Bolívar,64,12,2016
639,,Carchi,52,12,2016
1010,,Cañar,60,12,2016
2227,,Chimborazo,164,12,2016
1677,,Cotopaxi,135,12,2016
2636,,El Oro,219,12,2016
1400,,Esmeraldas,86,12,2016
51,,Galápagos,2,12,2016
19876,,Guayas,1699,12,2016
1813,,Imbabura,160,12,2016
2150,,Loja,138,12,2016
3358,,Los Ríos,263,12,2016
6538,,Manabí,465,12,2016
435,,Morona Santiago,25,12,2016
312,,Napo,30,12,2016
328,,Orellana,23,12,2016
3,,Otro,0,12,2016
288,,Pastaza,16,12,2016
11825,,Pichincha,1012,12,2016
1182,,Santa Elena,86,12,2016
1880,,Sto. Domingo Tsáchilas,148,12,2016
526,,Sucumbíos,39,12,2016
2670,,Tungurahua,169,12,2016
205,,Zamora Chinchipe,19,12,2016
327,,Azuay,327,1,2015
57,,Bolívar,57,1,2015
63,,Carchi,63,1,2015
87,,Cañar,87,1,2015
156,,Chimborazo,156,1,2015
164,,Cotopaxi,164,1,2015
222,,El Oro,222,1,2015
132,,Esmeraldas,132,1,2015
1,,Galápagos,1,1,2015
1555,,Guayas,1555,1,2015
163,,Imbabura,163,1,2015
225,,Loja,225,1,2015
280,,Los Ríos,280,1,2015
475,,Manabí,475,1,2015
33,,Morona Santiago,33,1,2015
27,,Napo,27,1,2015
31,,Orellana,31,1,2015
1,,Otro,1,1,2015
22,,Pastaza,22,1,2015
963,,Pichincha,963,1,2015
108,,Santa Elena,108,1,2015
139,,Sto. Domingo Tsáchilas,139,1,2015
42,,Sucumbíos,42,1,2015
212,,Tungurahua,212,1,2015
22,,Zamora Chinchipe,22,1,2015
619,,Azuay,292,2,2015
135,,Bolívar,78,2,2015
105,,Carchi,42,2,2015
161,,Cañar,74,2,2015
343,,Chimborazo,187,2,2015
288,,Cotopaxi,124,2,2015
430,,El Oro,208,2,2015
244,,Esmeraldas,112,2,2015
2,,Galápagos,1,2,2015
2998,,Guayas,1443,2,2015
297,,Imbabura,134,2,2015
390,,Loja,165,2,2015
507,,Los Ríos,227,2,2015
915,,Manabí,440,2,2015
58,,Morona Santiago,25,2,2015
45,,Napo,18,2,2015
56,,Orellana,25,2,2015
2,,Otro,1,2,2015
42,,Pastaza,20,2,2015
1835,,Pichincha,872,2,2015
188,,Santa Elena,80,2,2015
278,,Sto. Domingo Tsáchilas,139,2,2015
80,,Sucumbíos,38,2,2015
423,,Tungurahua,211,2,2015
39,,Zamora Chinchipe,17,2,2015
948,,Azuay,329,3,2015
206,,Bolívar,71,3,2015
165,,Carchi,60,3,2015
246,,Cañar,85,3,2015
549,,Chimborazo,206,3,2015
419,,Cotopaxi,131,3,2015
675,,El Oro,245,3,2015
366,,Esmeraldas,122,3,2015
4,,Galápagos,2,3,2015
4594,,Guayas,1596,3,2015
464,,Imbabura,167,3,2015
568,,Loja,178,3,2015
760,,Los Ríos,253,3,2015
1433,,Manabí,518,3,2015
88,,Morona Santiago,30,3,2015
73,,Napo,28,3,2015
86,,Orellana,30,3,2015
4,,Otro,2,3,2015
58,,Pastaza,16,3,2015
2793,,Pichincha,958,3,2015
303,,Santa Elena,115,3,2015
416,,Sto. Domingo Tsáchilas,138,3,2015
117,,Sucumbíos,37,3,2015
625,,Tungurahua,202,3,2015
61,,Zamora Chinchipe,22,3,2015
1265,,Azuay,317,4,2015
271,,Bolívar,65,4,2015
210,,Carchi,45,4,2015
330,,Cañar,84,4,2015
743,,Chimborazo,194,4,2015
544,,Cotopaxi,125,4,2015
902,,El Oro,227,4,2015
510,,Esmeraldas,144,4,2015
6,,Galápagos,2,4,2015
6226,,Guayas,1632,4,2015
604,,Imbabura,140,4,2015
732,,Loja,164,4,2015
1008,,Los Ríos,248,4,2015
1986,,Manabí,553,4,2015
127,,Morona Santiago,39,4,2015
101,,Napo,28,4,2015
112,,Orellana,26,4,2015
4,,Otro,0,4,2015
75,,Pastaza,17,4,2015
3775,,Pichincha,982,4,2015
414,,Santa Elena,111,4,2015
554,,Sto. Domingo Tsáchilas,138,4,2015
154,,Sucumbíos,37,4,2015
830,,Tungurahua,205,4,2015
74,,Zamora Chinchipe,13,4,2015
1555,,Azuay,290,5,2015
336,,Bolívar,65,5,2015
266,,Carchi,56,5,2015
417,,Cañar,87,5,2015
937,,Chimborazo,194,5,2015
687,,Cotopaxi,143,5,2015
1133,,El Oro,231,5,2015
660,,Esmeraldas,150,5,2015
9,,Galápagos,3,5,2015
8023,,Guayas,1797,5,2015
751,,Imbabura,147,5,2015
917,,Loja,185,5,2015
1271,,Los Ríos,263,5,2015
2592,,Manabí,606,5,2015
165,,Morona Santiago,38,5,2015
138,,Napo,37,5,2015
150,,Orellana,38,5,2015
7,,Otro,3,5,2015
100,,Pastaza,25,5,2015
4723,,Pichincha,948,5,2015
534,,Santa Elena,120,5,2015
709,,Sto. Domingo Tsáchilas,155,5,2015
203,,Sucumbíos,49,5,2015
1041,,Tungurahua,211,5,2015
99,,Zamora Chinchipe,25,5,2015
1861,,Azuay,306,6,2015
399,,Bolívar,63,6,2015
330,,Carchi,64,6,2015
494,,Cañar,77,6,2015
1121,,Chimborazo,184,6,2015
818,,Cotopaxi,131,6,2015
1344,,El Oro,211,6,2015
780,,Esmeraldas,120,6,2015
14,,Galápagos,5,6,2015
9752,,Guayas,1729,6,2015
877,,Imbabura,126,6,2015
1098,,Loja,181,6,2015
1518,,Los Ríos,247,6,2015
3128,,Manabí,536,6,2015
201,,Morona Santiago,36,6,2015
169,,Napo,31,6,2015
177,,Orellana,27,6,2015
7,,Otro,0,6,2015
119,,Pastaza,19,6,2015
5674,,Pichincha,951,6,2015
647,,Santa Elena,113,6,2015
844,,Sto. Domingo Tsáchilas,135,6,2015
244,,Sucumbíos,41,6,2015
1265,,Tungurahua,224,6,2015
124,,Zamora Chinchipe,25,6,2015
2162,,Azuay,301,7,2015
466,,Bolívar,67,7,2015
387,,Carchi,57,7,2015
577,,Cañar,83,7,2015
1300,,Chimborazo,179,7,2015
954,,Cotopaxi,136,7,2015
1576,,El Oro,232,7,2015
919,,Esmeraldas,139,7,2015
17,,Galápagos,3,7,2015
11297,,Guayas,1545,7,2015
1031,,Imbabura,154,7,2015
1268,,Loja,170,7,2015
1791,,Los Ríos,273,7,2015
3624,,Manabí,496,7,2015
238,,Morona Santiago,37,7,2015
201,,Napo,32,7,2015
211,,Orellana,34,7,2015
9,,Otro,2,7,2015
136,,Pastaza,17,7,2015
6623,,Pichincha,949,7,2015
747,,Santa Elena,100,7,2015
1009,,Sto. Domingo Tsáchilas,165,7,2015
287,,Sucumbíos,43,7,2015
1503,,Tungurahua,238,7,2015
146,,Zamora Chinchipe,22,7,2015
2462,,Azuay,300,8,2015
529,,Bolívar,63,8,2015
438,,Carchi,51,8,2015
657,,Cañar,80,8,2015
1481,,Chimborazo,181,8,2015
1109,,Cotopaxi,155,8,2015
1782,,El Oro,206,8,2015
1051,,Esmeraldas,132,8,2015
25,,Galápagos,8,8,2015
12851,,Guayas,1554,8,2015
1184,,Imbabura,153,8,2015
1436,,Loja,168,8,2015
2075,,Los Ríos,284,8,2015
4104,,Manabí,480,8,2015
270,,Morona Santiago,32,8,2015
229,,Napo,28,8,2015
239,,Orellana,28,8,2015
11,,Otro,2,8,2015
164,,Pastaza,28,8,2015
7585,,Pichincha,962,8,2015
839,,Santa Elena,92,8,2015
1175,,Sto. Domingo Tsáchilas,166,8,2015
343,,Sucumbíos,56,8,2015
1746,,Tungurahua,243,8,2015
165,,Zamora Chinchipe,19,8,2015
2753,,Azuay,291,9,2015
608,,Bolívar,79,9,2015
482,,Carchi,44,9,2015
758,,Cañar,101,9,2015
1658,,Chimborazo,177,9,2015
1253,,Cotopaxi,144,9,2015
1980,,El Oro,198,9,2015
1162,,Esmeraldas,111,9,2015
29,,Galápagos,4,9,2015
14379,,Guayas,1528,9,2015
1339,,Imbabura,155,9,2015
1608,,Loja,172,9,2015
2301,,Los Ríos,226,9,2015
4565,,Manabí,461,9,2015
310,,Morona Santiago,40,9,2015
263,,Napo,34,9,2015
268,,Orellana,29,9,2015
12,,Otro,1,9,2015
186,,Pastaza,22,9,2015
8394,,Pichincha,809,9,2015
922,,Santa Elena,83,9,2015
1330,,Sto. Domingo Tsáchilas,155,9,2015
383,,Sucumbíos,40,9,2015
1959,,Tungurahua,213,9,2015
180,,Zamora Chinchipe,15,9,2015
3066,,Azuay,313,10,2015
672,,Bolívar,64,10,2015
537,,Carchi,55,10,2015
839,,Cañar,81,10,2015
1827,,Chimborazo,169,10,2015
1366,,Cotopaxi,113,10,2015
2205,,El Oro,225,10,2015
1292,,Esmeraldas,130,10,2015
34,,Galápagos,5,10,2015
15904,,Guayas,1525,10,2015
1491,,Imbabura,152,10,2015
1807,,Loja,199,10,2015
2583,,Los Ríos,282,10,2015
5032,,Manabí,467,10,2015
352,,Morona Santiago,42,10,2015
286,,Napo,23,10,2015
306,,Orellana,38,10,2015
13,,Otro,1,10,2015
204,,Pastaza,18,10,2015
9367,,Pichincha,973,10,2015
1043,,Santa Elena,121,10,2015
1472,,Sto. Domingo Tsáchilas,142,10,2015
431,,Sucumbíos,48,10,2015
2176,,Tungurahua,217,10,2015
192,,Zamora Chinchipe,12,10,2015
3364,,Azuay,298,11,2015
730,,Bolívar,58,11,2015
591,,Carchi,54,11,2015
908,,Cañar,69,11,2015
2007,,Chimborazo,180,11,2015
1487,,Cotopaxi,121,11,2015
2403,,El Oro,198,11,2015
1416,,Esmeraldas,124,11,2015
35,,Galápagos,1,11,2015
17426,,Guayas,1522,11,2015
1635,,Imbabura,144,11,2015
1954,,Loja,147,11,2015
2825,,Los Ríos,242,11,2015
5473,,Manabí,441,11,2015
385,,Morona Santiago,33,11,2015
317,,Napo,31,11,2015
340,,Orellana,34,11,2015
14,,Otro,1,11,2015
222,,Pastaza,18,11,2015
10285,,Pichincha,918,11,2015
1121,,Santa Elena,78,11,2015
1610,,Sto. Domingo Tsáchilas,138,11,2015
472,,Sucumbíos,41,11,2015
2379,,Tungurahua,203,11,2015
212,,Zamora Chinchipe,20,11,2015
3640,,Azuay,276,12,2015
795,,Bolívar,65,12,2015
647,,Carchi,56,12,2015
984,,Cañar,76,12,2015
2190,,Chimborazo,183,12,2015
1623,,Cotopaxi,136,12,2015
2600,,El Oro,197,12,2015
1526,,Esmeraldas,110,12,2015
39,,Galápagos,4,12,2015
18987,,Guayas,1561,12,2015
1775,,Imbabura,140,12,2015
2109,,Loja,155,12,2015
3100,,Los Ríos,275,12,2015
5906,,Manabí,433,12,2015
416,,Morona Santiago,31,12,2015
335,,Napo,18,12,2015
379,,Orellana,39,12,2015
14,,Otro,0,12,2015
241,,Pastaza,19,12,2015
11227,,Pichincha,942,12,2015
1208,,Santa Elena,87,12,2015
1740,,Sto. Domingo Tsáchilas,130,12,2015
503,,Sucumbíos,31,12,2015
2581,,Tungurahua,202,12,2015
225,,Zamora Chinchipe,13,12,2015
319,,Azuay,319,1,2017
51,,Bolívar,51,1,2017
53,,Carchi,53,1,2017
81,,Cañar,81,1,2017
209,,Chimborazo,209,1,2017
160,,Cotopaxi,160,1,2017
238,,El Oro,238,1,2017
118,,Esmeraldas,118,1,2017
5,,Galápagos,5,1,2017
1725,,Guayas,1725,1,2017
194,,Imbabura,194,1,2017
189,,Loja,189,1,2017
301,,Los Ríos,301,1,2017
543,,Manabí,543,1,2017
40,,Morona Santiago,40,1,2017
34,,Napo,34,1,2017
33,,Orellana,33,1,2017
0,,Otro,0,1,2017
23,,Pastaza,23,1,2017
1128,,Pichincha,1128,1,2017
123,,Santa Elena,123,1,2017
170,,Sto. Domingo Tsáchilas,170,1,2017
49,,Sucumbíos,49,1,2017
238,,Tungurahua,238,1,2017
4,,Zamora Chinchipe,4,1,2017
620,,Azuay,301,2,2017
105,,Bolívar,54,2,2017
106,,Carchi,53,2,2017
173,,Cañar,92,2,2017
413,,Chimborazo,204,2,2017
288,,Cotopaxi,128,2,2017
442,,El Oro,204,2,2017
250,,Esmeraldas,132,2,2017
10,,Galápagos,5,2,2017
3352,,Guayas,1627,2,2017
380,,Imbabura,186,2,2017
375,,Loja,186,2,2017
561,,Los Ríos,260,2,2017
1065,,Manabí,522,2,2017
79,,Morona Santiago,39,2,2017
74,,Napo,40,2,2017
59,,Orellana,26,2,2017
0,,Otro,0,2,2017
43,,Pastaza,20,2,2017
2132,,Pichincha,1004,2,2017
234,,Santa Elena,111,2,2017
319,,Sto. Domingo Tsáchilas,149,2,2017
109,,Sucumbíos,60,2,2017
450,,Tungurahua,212,2,2017
34,,Zamora Chinchipe,30,2,2017
949,,Azuay,329,3,2017
191,,Bolívar,86,3,2017
168,,Carchi,62,3,2017
281,,Cañar,108,3,2017
623,,Chimborazo,210,3,2017
445,,Cotopaxi,157,3,2017
729,,El Oro,287,3,2017
375,,Esmeraldas,125,3,2017
12,,Galápagos,2,3,2017
5400,,Guayas,2048,3,2017
560,,Imbabura,180,3,2017
594,,Loja,219,3,2017
906,,Los Ríos,345,3,2017
1657,,Manabí,592,3,2017
117,,Morona Santiago,38,3,2017
103,,Napo,29,3,2017
103,,Orellana,44,3,2017
1,,Otro,1,3,2017
69,,Pastaza,26,3,2017
3217,,Pichincha,1085,3,2017
395,,Santa Elena,161,3,2017
508,,Sto. Domingo Tsáchilas,189,3,2017
153,,Sucumbíos,44,3,2017
697,,Tungurahua,247,3,2017
56,,Zamora Chinchipe,22,3,2017
1279,,Azuay,330,4,2017
266,,Bolívar,75,4,2017
237,,Carchi,69,4,2017
388,,Cañar,107,4,2017
816,,Chimborazo,193,4,2017
622,,Cotopaxi,177,4,2017
983,,El Oro,254,4,2017
483,,Esmeraldas,108,4,2017
19,,Galápagos,7,4,2017
7202,,Guayas,1802,4,2017
728,,Imbabura,168,4,2017
786,,Loja,192,4,2017
1215,,Los Ríos,309,4,2017
2187,,Manabí,530,4,2017
150,,Morona Santiago,33,4,2017
127,,Napo,24,4,2017
131,,Orellana,28,4,2017
1,,Otro,0,4,2017
101,,Pastaza,32,4,2017
4265,,Pichincha,1048,4,2017
521,,Santa Elena,126,4,2017
646,,Sto. Domingo Tsáchilas,138,4,2017
197,,Sucumbíos,44,4,2017
907,,Tungurahua,210,4,2017
71,,Zamora Chinchipe,15,4,2017
1629,,Azuay,350,5,2017
335,,Bolívar,69,5,2017
286,,Carchi,49,5,2017
467,,Cañar,79,5,2017
1042,,Chimborazo,226,5,2017
810,,Cotopaxi,188,5,2017
1220,,El Oro,237,5,2017
609,,Esmeraldas,126,5,2017
22,,Galápagos,3,5,2017
9039,,Guayas,1837,5,2017
881,,Imbabura,153,5,2017
991,,Loja,205,5,2017
1484,,Los Ríos,269,5,2017
2683,,Manabí,496,5,2017
183,,Morona Santiago,33,5,2017
162,,Napo,35,5,2017
164,,Orellana,33,5,2017
2,,Otro,1,5,2017
124,,Pastaza,23,5,2017
5302,,Pichincha,1037,5,2017
616,,Santa Elena,95,5,2017
823,,Sto. Domingo Tsáchilas,177,5,2017
252,,Sucumbíos,55,5,2017
1130,,Tungurahua,223,5,2017
90,,Zamora Chinchipe,19,5,2017
1940,,Azuay,311,6,2017
407,,Bolívar,72,6,2017
334,,Carchi,48,6,2017
545,,Cañar,78,6,2017
1229,,Chimborazo,187,6,2017
943,,Cotopaxi,133,6,2017
1455,,El Oro,235,6,2017
744,,Esmeraldas,135,6,2017
25,,Galápagos,3,6,2017
10812,,Guayas,1773,6,2017
1042,,Imbabura,161,6,2017
1171,,Loja,180,6,2017
1746,,Los Ríos,262,6,2017
3120,,Manabí,437,6,2017
237,,Morona Santiago,54,6,2017
179,,Napo,17,6,2017
181,,Orellana,17,6,2017
2,,Otro,0,6,2017
139,,Pastaza,15,6,2017
6284,,Pichincha,982,6,2017
726,,Santa Elena,110,6,2017
993,,Sto. Domingo Tsáchilas,170,6,2017
303,,Sucumbíos,51,6,2017
1383,,Tungurahua,253,6,2017
115,,Zamora Chinchipe,25,6,2017
2302,,Azuay,362,7,2017
474,,Bolívar,67,7,2017
383,,Carchi,49,7,2017
625,,Cañar,80,7,2017
1426,,Chimborazo,197,7,2017
1084,,Cotopaxi,141,7,2017
1702,,El Oro,247,7,2017
863,,Esmeraldas,119,7,2017
31,,Galápagos,6,7,2017
12511,,Guayas,1699,7,2017
1225,,Imbabura,183,7,2017
1364,,Loja,193,7,2017
2037,,Los Ríos,291,7,2017
3614,,Manabí,494,7,2017
283,,Morona Santiago,46,7,2017
211,,Napo,32,7,2017
211,,Orellana,30,7,2017
2,,Otro,0,7,2017
166,,Pastaza,27,7,2017
7349,,Pichincha,1065,7,2017
831,,Santa Elena,105,7,2017
1148,,Sto. Domingo Tsáchilas,155,7,2017
343,,Sucumbíos,40,7,2017
1605,,Tungurahua,222,7,2017
137,,Zamora Chinchipe,22,7,2017
2598,,Azuay,296,8,2017
549,,Bolívar,75,8,2017
449,,Carchi,66,8,2017
722,,Cañar,97,8,2017
1608,,Chimborazo,182,8,2017
1177,,Cotopaxi,93,8,2017
1963,,El Oro,261,8,2017
968,,Esmeraldas,105,8,2017
36,,Galápagos,5,8,2017
14161,,Guayas,1650,8,2017
1399,,Imbabura,174,8,2017
1550,,Loja,186,8,2017
2357,,Los Ríos,320,8,2017
4152,,Manabí,538,8,2017
324,,Morona Santiago,41,8,2017
237,,Napo,26,8,2017
245,,Orellana,34,8,2017
2,,Otro,0,8,2017
193,,Pastaza,27,8,2017
8334,,Pichincha,985,8,2017
912,,Santa Elena,81,8,2017
1307,,Sto. Domingo Tsáchilas,159,8,2017
392,,Sucumbíos,49,8,2017
1801,,Tungurahua,196,8,2017
161,,Zamora Chinchipe,24,8,2017
2895,,Azuay,297,9,2017
597,,Bolívar,48,9,2017
492,,Carchi,43,9,2017
810,,Cañar,88,9,2017
1817,,Chimborazo,209,9,2017
1248,,Cotopaxi,71,9,2017
2164,,El Oro,201,9,2017
1122,,Esmeraldas,154,9,2017
39,,Galápagos,3,9,2017
15684,,Guayas,1523,9,2017
1543,,Imbabura,144,9,2017
1722,,Loja,172,9,2017
2631,,Los Ríos,274,9,2017
4610,,Manabí,458,9,2017
365,,Morona Santiago,41,9,2017
265,,Napo,28,9,2017
271,,Orellana,26,9,2017
2,,Otro,0,9,2017
212,,Pastaza,19,9,2017
9312,,Pichincha,978,9,2017
1009,,Santa Elena,97,9,2017
1477,,Sto. Domingo Tsáchilas,170,9,2017
429,,Sucumbíos,37,9,2017
1991,,Tungurahua,190,9,2017
183,,Zamora Chinchipe,22,9,2017
3210,,Azuay,315,10,2017
680,,Bolívar,83,10,2017
549,,Carchi,57,10,2017
901,,Cañar,91,10,2017
2039,,Chimborazo,222,10,2017
1307,,Cotopaxi,59,10,2017
2403,,El Oro,239,10,2017
1226,,Esmeraldas,104,10,2017
41,,Galápagos,2,10,2017
17332,,Guayas,1648,10,2017
1693,,Imbabura,150,10,2017
1924,,Loja,202,10,2017
2937,,Los Ríos,306,10,2017
5088,,Manabí,478,10,2017
396,,Morona Santiago,31,10,2017
297,,Napo,32,10,2017
306,,Orellana,35,10,2017
2,,Otro,0,10,2017
232,,Pastaza,20,10,2017
10391,,Pichincha,1079,10,2017
1102,,Santa Elena,93,10,2017
1637,,Sto. Domingo Tsáchilas,160,10,2017
484,,Sucumbíos,55,10,2017
2165,,Tungurahua,174,10,2017
207,,Zamora Chinchipe,24,10,2017
3531,,Azuay,321,11,2017
736,,Bolívar,56,11,2017
584,,Carchi,35,11,2017
972,,Cañar,71,11,2017
2219,,Chimborazo,180,11,2017
1366,,Cotopaxi,59,11,2017
2639,,El Oro,236,11,2017
1353,,Esmeraldas,127,11,2017
41,,Galápagos,0,11,2017
19010,,Guayas,1678,11,2017
1842,,Imbabura,149,11,2017
2107,,Loja,183,11,2017
3204,,Los Ríos,267,11,2017
5622,,Manabí,534,11,2017
424,,Morona Santiago,28,11,2017
320,,Napo,23,11,2017
333,,Orellana,27,11,2017
2,,Otro,0,11,2017
255,,Pastaza,23,11,2017
11396,,Pichincha,1005,11,2017
1194,,Santa Elena,92,11,2017
1797,,Sto. Domingo Tsáchilas,160,11,2017
538,,Sucumbíos,54,11,2017
2317,,Tungurahua,152,11,2017
227,,Zamora Chinchipe,20,11,2017
3820,,Azuay,289,12,2017
784,,Bolívar,48,12,2017
640,,Carchi,56,12,2017
1038,,Cañar,66,12,2017
2398,,Chimborazo,179,12,2017
1415,,Cotopaxi,49,12,2017
2856,,El Oro,217,12,2017
1456,,Esmeraldas,103,12,2017
42,,Galápagos,1,12,2017
20499,,Guayas,1489,12,2017
1999,,Imbabura,157,12,2017
2260,,Loja,153,12,2017
3460,,Los Ríos,256,12,2017
6085,,Manabí,463,12,2017
450,,Morona Santiago,26,12,2017
349,,Napo,29,12,2017
363,,Orellana,30,12,2017
2,,Otro,0,12,2017
277,,Pastaza,22,12,2017
12496,,Pichincha,1100,12,2017
1276,,Santa Elena,82,12,2017
1953,,Sto. Domingo Tsáchilas,156,12,2017
583,,Sucumbíos,45,12,2017
2501,,Tungurahua,184,12,2017
245,,Zamora Chinchipe,18,12,2017
361,,Azuay,361,1,2019
73,,Bolívar,73,1,2019
62,,Carchi,62,1,2019
94,,Cañar,94,1,2019
200,,Chimborazo,200,1,2019
164,,Cotopaxi,164,1,2019
265,,El Oro,265,1,2019
157,,Esmeraldas,157,1,2019
5,,Galápagos,5,1,2019
1979,,Guayas,1979,1,2019
203,,Imbabura,203,1,2019
201,,Loja,201,1,2019
317,,Los Ríos,317,1,2019
608,,Manabí,608,1,2019
41,,Morona Santiago,41,1,2019
33,,Napo,33,1,2019
29,,Orellana,29,1,2019
20,,Pastaza,20,1,2019
1230,,Pichincha,1230,1,2019
119,,Santa Elena,119,1,2019
225,,Sto. Domingo Tsáchilas,225,1,2019
56,,Sucumbíos,56,1,2019
239,,Tungurahua,239,1,2019
25,,Zamora Chinchipe,25,1,2019
662,,Azuay,301,2,2019
148,,Bolívar,75,2,2019
120,,Carchi,58,2,2019
190,,Cañar,96,2,2019
393,,Chimborazo,193,2,2019
292,,Cotopaxi,128,2,2019
515,,El Oro,250,2,2019
289,,Esmeraldas,132,2,2019
12,,Galápagos,7,2,2019
3772,,Guayas,1793,2,2019
361,,Imbabura,158,2,2019
416,,Loja,215,2,2019
617,,Los Ríos,300,2,2019
1161,,Manabí,553,2,2019
71,,Morona Santiago,30,2,2019
59,,Napo,26,2,2019
67,,Orellana,38,2,2019
49,,Pastaza,29,2,2019
2239,,Pichincha,1009,2,2019
227,,Santa Elena,108,2,2019
378,,Sto. Domingo Tsáchilas,153,2,2019
114,,Sucumbíos,58,2,2019
438,,Tungurahua,199,2,2019
46,,Zamora Chinchipe,21,2,2019
973,,Azuay,311,3,2019
229,,Bolívar,81,3,2019
179,,Carchi,59,3,2019
284,,Cañar,94,3,2019
621,,Chimborazo,228,3,2019
463,,Cotopaxi,171,3,2019
806,,El Oro,291,3,2019
456,,Esmeraldas,167,3,2019
12,,Galápagos,0,3,2019
5706,,Guayas,1934,3,2019
513,,Imbabura,152,3,2019
616,,Loja,200,3,2019
955,,Los Ríos,338,3,2019
1746,,Manabí,585,3,2019
127,,Morona Santiago,56,3,2019
95,,Napo,36,3,2019
111,,Orellana,44,3,2019
76,,Pastaza,27,3,2019
3345,,Pichincha,1106,3,2019
341,,Santa Elena,114,3,2019
618,,Sto. Domingo Tsáchilas,240,3,2019
159,,Sucumbíos,45,3,2019
706,,Tungurahua,268,3,2019
69,,Zamora Chinchipe,23,3,2019
1289,,Azuay,316,4,2019
284,,Bolívar,55,4,2019
238,,Carchi,59,4,2019
358,,Cañar,74,4,2019
799,,Chimborazo,178,4,2019
613,,Cotopaxi,150,4,2019
1040,,El Oro,234,4,2019
610,,Esmeraldas,154,4,2019
16,,Galápagos,4,4,2019
7585,,Guayas,1879,4,2019
671,,Imbabura,158,4,2019
805,,Loja,189,4,2019
1286,,Los Ríos,331,4,2019
2311,,Manabí,565,4,2019
176,,Morona Santiago,49,4,2019
140,,Napo,45,4,2019
146,,Orellana,35,4,2019
104,,Pastaza,28,4,2019
4364,,Pichincha,1019,4,2019
451,,Santa Elena,110,4,2019
817,,Sto. Domingo Tsáchilas,199,4,2019
226,,Sucumbíos,67,4,2019
949,,Tungurahua,243,4,2019
87,,Zamora Chinchipe,18,4,2019
1643,,Azuay,354,5,2019
352,,Bolívar,68,5,2019
300,,Carchi,62,5,2019
442,,Cañar,84,5,2019
991,,Chimborazo,192,5,2019
769,,Cotopaxi,156,5,2019
1303,,El Oro,263,5,2019
735,,Esmeraldas,125,5,2019
18,,Galápagos,2,5,2019
9310,,Guayas,1725,5,2019
863,,Imbabura,192,5,2019
1001,,Loja,196,5,2019
1592,,Los Ríos,306,5,2019
2772,,Manabí,461,5,2019
219,,Morona Santiago,43,5,2019
171,,Napo,31,5,2019
180,,Orellana,34,5,2019
128,,Pastaza,24,5,2019
5441,,Pichincha,1077,5,2019
553,,Santa Elena,102,5,2019
999,,Sto. Domingo Tsáchilas,182,5,2019
268,,Sucumbíos,42,5,2019
1177,,Tungurahua,228,5,2019
98,,Zamora Chinchipe,11,5,2019
1979,,Azuay,336,6,2019
426,,Bolívar,74,6,2019
360,,Carchi,60,6,2019
543,,Cañar,101,6,2019
1180,,Chimborazo,189,6,2019
904,,Cotopaxi,135,6,2019
1531,,El Oro,228,6,2019
876,,Esmeraldas,141,6,2019
20,,Galápagos,2,6,2019
10979,,Guayas,1669,6,2019
1025,,Imbabura,162,6,2019
1191,,Loja,190,6,2019
1891,,Los Ríos,299,6,2019
3281,,Manabí,509,6,2019
257,,Morona Santiago,38,6,2019
220,,Napo,49,6,2019
211,,Orellana,31,6,2019
146,,Pastaza,18,6,2019
6557,,Pichincha,1116,6,2019
650,,Santa Elena,97,6,2019
1153,,Sto. Domingo Tsáchilas,154,6,2019
321,,Sucumbíos,53,6,2019
1392,,Tungurahua,215,6,2019
123,,Zamora Chinchipe,25,6,2019
2330,,Azuay,351,7,2019
494,,Bolívar,68,7,2019
418,,Carchi,58,7,2019
656,,Cañar,113,7,2019
1370,,Chimborazo,190,7,2019
1094,,Cotopaxi,190,7,2019
1760,,El Oro,229,7,2019
1025,,Esmeraldas,149,7,2019
22,,Galápagos,2,7,2019
12694,,Guayas,1715,7,2019
1184,,Imbabura,159,7,2019
1391,,Loja,200,7,2019
2170,,Los Ríos,279,7,2019
3809,,Manabí,528,7,2019
283,,Morona Santiago,26,7,2019
261,,Napo,41,7,2019
250,,Orellana,39,7,2019
179,,Pastaza,33,7,2019
7689,,Pichincha,1132,7,2019
770,,Santa Elena,120,7,2019
1315,,Sto. Domingo Tsáchilas,162,7,2019
369,,Sucumbíos,48,7,2019
1622,,Tungurahua,230,7,2019
139,,Zamora Chinchipe,16,7,2019
2679,,Azuay,349,8,2019
560,,Bolívar,66,8,2019
485,,Carchi,67,8,2019
773,,Cañar,117,8,2019
1584,,Chimborazo,214,8,2019
1264,,Cotopaxi,170,8,2019
2017,,El Oro,257,8,2019
1153,,Esmeraldas,128,8,2019
26,,Galápagos,4,8,2019
14467,,Guayas,1773,8,2019
1375,,Imbabura,191,8,2019
1600,,Loja,209,8,2019
2469,,Los Ríos,299,8,2019
4352,,Manabí,543,8,2019
324,,Morona Santiago,41,8,2019
291,,Napo,30,8,2019
290,,Orellana,40,8,2019
199,,Pastaza,20,8,2019
8811,,Pichincha,1122,8,2019
891,,Santa Elena,121,8,2019
1489,,Sto. Domingo Tsáchilas,174,8,2019
414,,Sucumbíos,45,8,2019
1867,,Tungurahua,245,8,2019
159,,Zamora Chinchipe,20,8,2019
3015,,Azuay,336,9,2019
636,,Bolívar,76,9,2019
549,,Carchi,64,9,2019
857,,Cañar,84,9,2019
1803,,Chimborazo,219,9,2019
1439,,Cotopaxi,175,9,2019
2301,,El Oro,284,9,2019
1296,,Esmeraldas,143,9,2019
29,,Galápagos,3,9,2019
16170,,Guayas,1703,9,2019
1544,,Imbabura,169,9,2019
1802,,Loja,202,9,2019
2776,,Los Ríos,307,9,2019
4905,,Manabí,553,9,2019
367,,Morona Santiago,43,9,2019
317,,Napo,26,9,2019
319,,Orellana,29,9,2019
224,,Pastaza,25,9,2019
9913,,Pichincha,1102,9,2019
1021,,Santa Elena,130,9,2019
1679,,Sto. Domingo Tsáchilas,190,9,2019
469,,Sucumbíos,55,9,2019
2123,,Tungurahua,256,9,2019
179,,Zamora Chinchipe,20,9,2019
3321,,Azuay,306,10,2019
697,,Bolívar,61,10,2019
615,,Carchi,66,10,2019
954,,Cañar,97,10,2019
2005,,Chimborazo,202,10,2019
1585,,Cotopaxi,146,10,2019
2545,,El Oro,244,10,2019
1448,,Esmeraldas,152,10,2019
33,,Galápagos,4,10,2019
17874,,Guayas,1704,10,2019
1702,,Imbabura,158,10,2019
2004,,Loja,202,10,2019
3071,,Los Ríos,295,10,2019
5491,,Manabí,586,10,2019
411,,Morona Santiago,44,10,2019
345,,Napo,28,10,2019
352,,Orellana,33,10,2019
246,,Pastaza,22,10,2019
10977,,Pichincha,1064,10,2019
1097,,Santa Elena,76,10,2019
1845,,Sto. Domingo Tsáchilas,166,10,2019
526,,Sucumbíos,57,10,2019
2359,,Tungurahua,236,10,2019
206,,Zamora Chinchipe,27,10,2019
3648,,Azuay,327,11,2019
768,,Bolívar,71,11,2019
681,,Carchi,66,11,2019
1040,,Cañar,86,11,2019
2190,,Chimborazo,185,11,2019
1744,,Cotopaxi,159,11,2019
2814,,El Oro,269,11,2019
1582,,Esmeraldas,134,11,2019
40,,Galápagos,7,11,2019
19564,,Guayas,1690,11,2019
1850,,Imbabura,148,11,2019
2222,,Loja,218,11,2019
3373,,Los Ríos,302,11,2019
6069,,Manabí,578,11,2019
451,,Morona Santiago,40,11,2019
374,,Napo,29,11,2019
381,,Orellana,29,11,2019
275,,Pastaza,29,11,2019
12062,,Pichincha,1085,11,2019
1204,,Santa Elena,107,11,2019
1990,,Sto. Domingo Tsáchilas,145,11,2019
578,,Sucumbíos,52,11,2019
2582,,Tungurahua,223,11,2019
237,,Zamora Chinchipe,31,11,2019
3950,,Azuay,302,12,2019
826,,Bolívar,58,12,2019
737,,Carchi,56,12,2019
1099,,Cañar,59,12,2019
2361,,Chimborazo,171,12,2019
1892,,Cotopaxi,148,12,2019
3035,,El Oro,221,12,2019
1703,,Esmeraldas,121,12,2019
44,,Galápagos,4,12,2019
21275,,Guayas,1711,12,2019
1997,,Imbabura,147,12,2019
2395,,Loja,173,12,2019
3622,,Los Ríos,249,12,2019
6557,,Manabí,488,12,2019
502,,Morona Santiago,51,12,2019
399,,Napo,25,12,2019
409,,Orellana,28,12,2019
303,,Pastaza,28,12,2019
13214,,Pichincha,1152,12,2019
1296,,Santa Elena,92,12,2019
2160,,Sto. Domingo Tsáchilas,170,12,2019
622,,Sucumbíos,44,12,2019
2780,,Tungurahua,198,12,2019
253,,Zamora Chinchipe,16,12,2019
506,881394,Azuay,506,1,2021
110,209933,Bolívar,110,1,2021
151,186869,Carchi,151,1,2021
139,281396,Cañar,139,1,2021
320,524004,Chimborazo,320,1,2021
279,488716,Cotopaxi,279,1,2021
443,715751,El Oro,443,1,2021
176,591083,Esmeraldas,176,1,2021
12,33042,Galápagos,12,1,2021
2667,4387434,Guayas,2667,1,2021
275,476257,Imbabura,275,1,2021
250,521154,Loja,250,1,2021
441,921763,Los Ríos,441,1,2021
779,1562079,Manabí,779,1,2021
57,196535,Morona Santiago,57,1,2021
57,133705,Napo,57,1,2021
46,161338,Orellana,46,1,2021
42,114202,Pastaza,42,1,2021
1829,3228233,Pichincha,1829,1,2021
179,401178,Santa Elena,179,1,2021
246,511151,Sto. Domingo Tsáchilas,246,1,2021
85,230503,Sucumbíos,85,1,2021
448,590600,Tungurahua,448,1,2021
33,120416,Zamora Chinchipe,33,1,2021
985,881394,Azuay,479,2,2021
204,209933,Bolívar,94,2,2021
224,186869,Carchi,73,2,2021
271,281396,Cañar,132,2,2021
586,524004,Chimborazo,266,2,2021
552,488716,Cotopaxi,273,2,2021
909,715751,El Oro,466,2,2021
371,591083,Esmeraldas,195,2,2021
18,33042,Galápagos,6,2,2021
5134,4387434,Guayas,2467,2,2021
512,476257,Imbabura,237,2,2021
537,521154,Loja,287,2,2021
912,921763,Los Ríos,471,2,2021
1647,1562079,Manabí,868,2,2021
105,196535,Morona Santiago,48,2,2021
98,133705,Napo,41,2,2021
90,161338,Orellana,44,2,2021
71,114202,Pastaza,29,2,2021
3455,3228233,Pichincha,1626,2,2021
311,401178,Santa Elena,132,2,2021
515,511151,Sto. Domingo Tsáchilas,269,2,2021
160,230503,Sucumbíos,75,2,2021
800,590600,Tungurahua,352,2,2021
69,120416,Zamora Chinchipe,36,2,2021
1511,881394,Azuay,526,3,2021
353,209933,Bolívar,149,3,2021
320,186869,Carchi,96,3,2021
441,281396,Cañar,170,3,2021
921,524004,Chimborazo,335,3,2021
817,488716,Cotopaxi,265,3,2021
1407,715751,El Oro,498,3,2021
668,591083,Esmeraldas,297,3,2021
30,33042,Galápagos,12,3,2021
8288,4387434,Guayas,3154,3,2021
762,476257,Imbabura,250,3,2021
994,521154,Loja,457,3,2021
1505,921763,Los Ríos,593,3,2021
2794,1562079,Manabí,1147,3,2021
166,196535,Morona Santiago,61,3,2021
149,133705,Napo,51,3,2021
146,161338,Orellana,56,3,2021
118,114202,Pastaza,47,3,2021
5390,3228233,Pichincha,1935,3,2021
513,401178,Santa Elena,202,3,2021
904,511151,Sto. Domingo Tsáchilas,389,3,2021
263,230503,Sucumbíos,103,3,2021
1161,590600,Tungurahua,361,3,2021
109,120416,Zamora Chinchipe,40,3,2021
2110,881394,Azuay,599,4,2021
498,209933,Bolívar,145,4,2021
425,186869,Carchi,105,4,2021
594,281396,Cañar,153,4,2021
1300,524004,Chimborazo,379,4,2021
1128,488716,Cotopaxi,311,4,2021
2117,715751,El Oro,710,4,2021
947,591083,Esmeraldas,279,4,2021
39,33042,Galápagos,9,4,2021
12029,4387434,Guayas,3741,4,2021
1091,476257,Imbabura,329,4,2021
1511,521154,Loja,517,4,2021
2167,921763,Los Ríos,662,4,2021
3983,1562079,Manabí,1189,4,2021
226,196535,Morona Santiago,60,4,2021
199,133705,Napo,50,4,2021
204,161338,Orellana,58,4,2021
164,114202,Pastaza,46,4,2021
7872,3228233,Pichincha,2482,4,2021
791,401178,Santa Elena,278,4,2021
1336,511151,Sto. Domingo Tsáchilas,432,4,2021
383,230503,Sucumbíos,120,4,2021
1698,590600,Tungurahua,537,4,2021
196,120416,Zamora Chinchipe,87,4,2021
2709,881394,Azuay,599,5,2021
609,209933,Bolívar,111,5,2021
538,186869,Carchi,113,5,2021
750,281396,Cañar,156,5,2021
1669,524004,Chimborazo,369,5,2021
1446,488716,Cotopaxi,318,5,2021
2654,715751,El Oro,537,5,2021
1191,591083,Esmeraldas,244,5,2021
45,33042,Galápagos,6,5,2021
14985,4387434,Guayas,2956,5,2021
1451,476257,Imbabura,360,5,2021
1859,521154,Loja,348,5,2021
2708,921763,Los Ríos,541,5,2021
4841,1562079,Manabí,858,5,2021
283,196535,Morona Santiago,57,5,2021
258,133705,Napo,59,5,2021
260,161338,Orellana,56,5,2021
224,114202,Pastaza,60,5,2021
10150,3228233,Pichincha,2278,5,2021
953,401178,Santa Elena,162,5,2021
1665,511151,Sto. Domingo Tsáchilas,329,5,2021
485,230503,Sucumbíos,102,5,2021
2207,590600,Tungurahua,509,5,2021
247,120416,Zamora Chinchipe,51,5,2021
3192,881394,Azuay,483,6,2021
685,209933,Bolívar,76,6,2021
641,186869,Carchi,103,6,2021
864,281396,Cañar,114,6,2021
1951,524004,Chimborazo,282,6,2021
1682,488716,Cotopaxi,236,6,2021
3034,715751,El Oro,380,6,2021
1383,591083,Esmeraldas,192,6,2021
49,33042,Galápagos,4,6,2021
17172,4387434,Guayas,2187,6,2021
1692,476257,Imbabura,241,6,2021
2116,521154,Loja,257,6,2021
3091,921763,Los Ríos,383,6,2021
5528,1562079,Manabí,687,6,2021
336,196535,Morona Santiago,53,6,2021
303,133705,Napo,45,6,2021
311,161338,Orellana,51,6,2021
259,114202,Pastaza,35,6,2021
11798,3228233,Pichincha,1648,6,2021
1091,401178,Santa Elena,138,6,2021
1901,511151,Sto. Domingo Tsáchilas,236,6,2021
545,230503,Sucumbíos,60,6,2021
2553,590600,Tungurahua,346,6,2021
269,120416,Zamora Chinchipe,22,6,2021
3672,881394,Azuay,480,7,2021
769,209933,Bolívar,84,7,2021
740,186869,Carchi,99,7,2021
999,281396,Cañar,135,7,2021
2227,524004,Chimborazo,276,7,2021
1895,488716,Cotopaxi,213,7,2021
3363,715751,El Oro,329,7,2021
1566,591083,Esmeraldas,183,7,2021
53,33042,Galápagos,4,7,2021
19312,4387434,Guayas,2140,7,2021
1922,476257,Imbabura,230,7,2021
2348,521154,Loja,232,7,2021
3482,921763,Los Ríos,391,7,2021
6111,1562079,Manabí,583,7,2021
380,196535,Morona Santiago,44,7,2021
355,133705,Napo,52,7,2021
363,161338,Orellana,52,7,2021
294,114202,Pastaza,35,7,2021
13481,3228233,Pichincha,1683,7,2021
1234,401178,Santa Elena,143,7,2021
2103,511151,Sto. Domingo Tsáchilas,202,7,2021
621,230503,Sucumbíos,76,7,2021
2834,590600,Tungurahua,281,7,2021
291,120416,Zamora Chinchipe,22,7,2021
4068,881394,Azuay,396,8,2021
856,209933,Bolívar,87,8,2021
818,186869,Carchi,78,8,2021
1110,281396,Cañar,111,8,2021
2455,524004,Chimborazo,228,8,2021
2075,488716,Cotopaxi,180,8,2021
3705,715751,El Oro,342,8,2021
1733,591083,Esmeraldas,167,8,2021
60,33042,Galápagos,7,8,2021
21232,4387434,Guayas,1920,8,2021
2110,476257,Imbabura,188,8,2021
2578,521154,Loja,230,8,2021
3851,921763,Los Ríos,369,8,2021
6738,1562079,Manabí,627,8,2021
446,196535,Morona Santiago,66,8,2021
386,133705,Napo,31,8,2021
400,161338,Orellana,37,8,2021
327,114202,Pastaza,33,8,2021
14789,3228233,Pichincha,1308,8,2021
1355,401178,Santa Elena,121,8,2021
2300,511151,Sto. Domingo Tsáchilas,197,8,2021
699,230503,Sucumbíos,78,8,2021
3078,590600,Tungurahua,244,8,2021
322,120416,Zamora Chinchipe,31,8,2021
4393,881394,Azuay,325,9,2021
935,209933,Bolívar,79,9,2021
885,186869,Carchi,67,9,2021
1207,281396,Cañar,97,9,2021
2636,524004,Chimborazo,181,9,2021
2230,488716,Cotopaxi,155,9,2021
4017,715751,El Oro,312,9,2021
1905,591083,Esmeraldas,172,9,2021
65,33042,Galápagos,5,9,2021
23217,4387434,Guayas,1985,9,2021
2304,476257,Imbabura,194,9,2021
2800,521154,Loja,222,9,2021
4188,921763,Los Ríos,337,9,2021
7283,1562079,Manabí,545,9,2021
481,196535,Morona Santiago,35,9,2021
432,133705,Napo,46,9,2021
441,161338,Orellana,41,9,2021
354,114202,Pastaza,27,9,2021
15964,3228233,Pichincha,1175,9,2021
1461,401178,Santa Elena,106,9,2021
2493,511151,Sto. Domingo Tsáchilas,193,9,2021
751,230503,Sucumbíos,52,9,2021
3350,590600,Tungurahua,272,9,2021
338,120416,Zamora Chinchipe,16,9,2021
4754,881394,Azuay,361,10,2021
1007,209933,Bolívar,72,10,2021
954,186869,Carchi,69,10,2021
1298,281396,Cañar,91,10,2021
2829,524004,Chimborazo,193,10,2021
2374,488716,Cotopaxi,144,10,2021
4281,715751,El Oro,264,10,2021
2058,591083,Esmeraldas,153,10,2021
67,33042,Galápagos,2,10,2021
25165,4387434,Guayas,1948,10,2021
2471,476257,Imbabura,167,10,2021
3016,521154,Loja,216,10,2021
4553,921763,Los Ríos,365,10,2021
7875,1562079,Manabí,592,10,2021
514,196535,Morona Santiago,33,10,2021
466,133705,Napo,34,10,2021
503,161338,Orellana,62,10,2021
389,114202,Pastaza,35,10,2021
17089,3228233,Pichincha,1125,10,2021
1578,401178,Santa Elena,117,10,2021
2687,511151,Sto. Domingo Tsáchilas,194,10,2021
819,230503,Sucumbíos,68,10,2021
3595,590600,Tungurahua,245,10,2021
373,120416,Zamora Chinchipe,35,10,2021
5046,881394,Azuay,292,11,2021
1077,209933,Bolívar,70,11,2021
1010,186869,Carchi,56,11,2021
1375,281396,Cañar,77,11,2021
3009,524004,Chimborazo,180,11,2021
2530,488716,Cotopaxi,156,11,2021
4554,715751,El Oro,273,11,2021
2213,591083,Esmeraldas,155,11,2021
68,33042,Galápagos,1,11,2021
27190,4387434,Guayas,2025,11,2021
2666,476257,Imbabura,195,11,2021
3226,521154,Loja,210,11,2021
4907,921763,Los Ríos,354,11,2021
8517,1562079,Manabí,642,11,2021
550,196535,Morona Santiago,36,11,2021
511,133705,Napo,45,11,2021
554,161338,Orellana,51,11,2021
414,114202,Pastaza,25,11,2021
18185,3228233,Pichincha,1096,11,2021
1694,401178,Santa Elena,116,11,2021
2903,511151,Sto. Domingo Tsáchilas,216,11,2021
875,230503,Sucumbíos,56,11,2021
3833,590600,Tungurahua,238,11,2021
399,120416,Zamora Chinchipe,26,11,2021
5388,881394,Azuay,342,12,2021
1151,209933,Bolívar,74,12,2021
1066,186869,Carchi,56,12,2021
1464,281396,Cañar,89,12,2021
3215,524004,Chimborazo,206,12,2021
2672,488716,Cotopaxi,142,12,2021
4899,715751,El Oro,345,12,2021
2372,591083,Esmeraldas,159,12,2021
72,33042,Galápagos,4,12,2021
29348,4387434,Guayas,2158,12,2021
2852,476257,Imbabura,186,12,2021
3440,521154,Loja,214,12,2021
5281,921763,Los Ríos,374,12,2021
9208,1562079,Manabí,691,12,2021
616,196535,Morona Santiago,66,12,2021
556,133705,Napo,45,12,2021
594,161338,Orellana,40,12,2021
444,114202,Pastaza,30,12,2021
19431,3228233,Pichincha,1246,12,2021
1828,401178,Santa Elena,134,12,2021
3146,511151,Sto. Domingo Tsáchilas,243,12,2021
963,230503,Sucumbíos,88,12,2021
4085,590600,Tungurahua,252,12,2021
422,120416,Zamora Chinchipe,23,12,2021
,,Los Ríos,418,6,2022
,,Galápagos,8,4,2022
,,Napo,35,6,2022
,,Tungurahua,291,8,2022
,,Napo,42,12,2022
,,Pastaza,35,7,2022
,,Esmeraldas,180,6,2022
,,Carchi,56,6,2022
,,Sto. Domingo Tsáchilas,190,8,2022
,,Morona Santiago,70,5,2022
,,Esmeraldas,176,10,2022
,,Chimborazo,197,6,2022
,,Imbabura,208,8,2022
,,Azuay,428,2,2022
,,Santa Elena,230,1,2022
,,Bolívar,97,8,2022
,,Cañar,84,4,2022
,,El Oro,298,6,2022
,,Napo,43,11,2022
,,Chimborazo,269,2,2022
,,Esmeraldas,192,7,2022
,,Galápagos,5,12,2022
,,Cotopaxi,186,7,2022
,,Orellana,25,12,2022
,,Manabí,615,9,2022
,,Manabí,651,11,2022
,,Sucumbíos,69,8,2022
,,Cañar,121,7,2022
,,Pichincha,1135,9,2022
,,Bolívar,90,7,2022
,,Azuay,396,6,2022
,,Sucumbíos,81,2,2022
,,Azuay,371,7,2022
,,Pastaza,33,2,2022
,,Zamora Chinchipe,18,6,2022
,,Carchi,61,9,2022
,,Zamora Chinchipe,41,2,2022
,,El Oro,335,3,2022
,,Esmeraldas,231,3,2022
,,El Oro,292,11,2022
,,Guayas,2332,3,2022
,,Azuay,351,10,2022
,,Pastaza,28,4,2022
,,Los Ríos,349,5,2022
,,Pastaza,36,6,2022
,,Bolívar,80,12,2022
,,Azuay,381,12,2022
,,Santa Elena,106,8,2022
,,Guayas,3450,1,2022
,,Imbabura,166,5,2022
,,Sto. Domingo Tsáchilas,197,12,2022
,,Bolívar,88,1,2022
,,Chimborazo,204,10,2022
,,Loja,278,2,2022
,,Santa Elena,128,4,2022
,,Orellana,52,10,2022
,,Esmeraldas,217,5,2022
,,Orellana,45,6,2022
,,Pastaza,29,9,2022
,,Tungurahua,225,3,2022
,,Napo,36,9,2022
,,Sto. Domingo Tsáchilas,205,9,2022
,,Orellana,45,8,2022
,,Santa Elena,151,7,2022
,,Esmeraldas,179,11,2022
,,Pastaza,34,8,2022
,,Guayas,2205,12,2022
,,Zamora Chinchipe,24,11,2022
,,Loja,233,8,2022
,,Los Ríos,383,7,2022
,,Sto. Domingo Tsáchilas,267,2,2022
,,Santa Elena,124,3,2022
,,Bolívar,77,3,2022
,,Esmeraldas,139,12,2022
,,Imbabura,243,2,2022
,,Sto. Domingo Tsáchilas,227,11,2022
,,Carchi,64,7,2022
,,Imbabura,191,11,2022
,,Tungurahua,261,9,2022
,,Sto. Domingo Tsáchilas,206,3,2022
,,Napo,33,7,2022
,,Los Ríos,338,11,2022
,,Guayas,1971,11,2022
,,Zamora Chinchipe,34,7,2022
,,Carchi,72,3,2022
,,Chimborazo,203,12,2022
,,Galápagos,5,7,2022
,,Sucumbíos,68,5,2022
,,Morona Santiago,59,8,2022
,,El Oro,300,5,2022
,,Cotopaxi,207,8,2022
,,Orellana,54,5,2022
,,Pichincha,1341,2,2022
,,Galápagos,3,8,2022
,,Los Ríos,659,1,2022
,,Chimborazo,265,1,2022
,,Orellana,54,4,2022
,,Cañar,115,2,2022
,,Napo,43,1,2022
,,Carchi,71,4,2022
,,El Oro,268,10,2022
,,Zamora Chinchipe,46,1,2022
,,Sucumbíos,44,11,2022
,,Imbabura,240,7,2022
,,Sucumbíos,47,12,2022
,,Bolívar,75,11,2022
,,Bolívar,74,4,2022
,,Manabí,639,10,2022
,,Cotopaxi,180,3,2022
,,Cotopaxi,192,2,2022
,,Zamora Chinchipe,27,12,2022
,,Galápagos,5,5,2022
,,Carchi,82,1,2022
,,Bolívar,98,5,2022
,,Esmeraldas,227,2,2022
,,Napo,37,2,2022
,,Sto. Domingo Tsáchilas,249,7,2022
,,Zamora Chinchipe,31,10,2022
,,Galápagos,4,2,2022
,,Manabí,622,6,2022
,,Sucumbíos,53,10,2022
,,Sucumbíos,85,9,2022
,,Manabí,704,7,2022
,,Santa Elena,145,9,2022
,,Pichincha,1320,12,2022
,,Galápagos,6,10,2022
,,Tungurahua,251,7,2022
,,Loja,217,10,2022
,,Cañar,107,5,2022
,,El Oro,332,7,2022
,,Cañar,91,12,2022
,,Chimborazo,243,3,2022
,,Loja,197,11,2022
,,Esmeraldas,258,1,2022
,,Morona Santiago,52,3,2022
,,Cañar,119,8,2022
,,Morona Santiago,47,2,2022
,,Santa Elena,108,11,2022
,,Pichincha,1209,6,2022
,,Zamora Chinchipe,28,9,2022
,,Loja,182,12,2022
,,Chimborazo,199,9,2022
,,El Oro,338,4,2022
,,Galápagos,3,6,2022
,,Azuay,356,11,2022
,,Galápagos,6,3,2022
,,Imbabura,212,6,2022
,,Imbabura,214,3,2022
,,Orellana,43,3,2022
,,Pichincha,1196,3,2022
,,Esmeraldas,173,9,2022
,,El Oro,298,9,2022
,,Imbabura,203,12,2022
,,Sucumbíos,103,1,2022
,,Morona Santiago,37,11,2022
,,Sucumbíos,66,6,2022
,,Bolívar,84,2,2022
,,Sto. Domingo Tsáchilas,211,4,2022
,,Bolívar,61,6,2022
,,Loja,209,9,2022
,,Orellana,41,11,2022
,,Bolívar,64,9,2022
,,Zamora Chinchipe,34,5,2022
,,Manabí,1104,1,2022
,,Sto. Domingo Tsáchilas,242,5,2022
,,Imbabura,261,1,2022
,,Imbabura,175,4,2022
,,Guayas,2201,2,2022
,,Guayas,2174,4,2022
,,Azuay,376,8,2022
,,Santa Elena,131,2,2022
,,Los Ríos,403,8,2022
,,Los Ríos,348,9,2022
,,Manabí,605,5,2022
,,Pichincha,1077,4,2022
,,Santa Elena,120,12,2022
,,Morona Santiago,39,9,2022
,,Pichincha,1093,10,2022
,,Pastaza,37,10,2022
,,Esmeraldas,181,4,2022
,,El Oro,501,1,2022
,,Morona Santiago,56,4,2022
,,Napo,47,8,2022
,,Sto. Domingo Tsáchilas,232,6,2022
,,Carchi,60,5,2022
,,Galápagos,2,11,2022
,,Manabí,732,3,2022
,,Cotopaxi,145,12,2022
,,Tungurahua,271,12,2022
,,Carchi,79,12,2022
,,Guayas,2035,5,2022
,,Los Ríos,410,2,2022
,,Morona Santiago,57,6,2022
,,Manabí,642,4,2022
,,Pichincha,1335,7,2022
,,Los Ríos,353,12,2022
,,Napo,44,10,2022
,,Morona Santiago,57,1,2022
,,Sucumbíos,54,7,2022
,,Pastaza,34,1,2022
,,Pastaza,32,11,2022
,,Galápagos,6,9,2022
,,Cañar,95,11,2022
,,Manabí,718,2,2022
,,Loja,216,6,2022
,,Loja,297,1,2022
,,Loja,270,7,2022
,,Pastaza,36,3,2022
,,Sucumbíos,50,3,2022
,,Pichincha,1230,5,2022
,,Cotopaxi,171,4,2022
,,Galápagos,9,1,2022
,,Imbabura,192,9,2022
,,Cañar,113,6,2022
,,Chimborazo,236,7,2022
,,Pastaza,22,12,2022
,,Tungurahua,273,6,2022
,,El Oro,276,12,2022
,,Manabí,644,12,2022
,,Cotopaxi,164,11,2022
,,Esmeraldas,191,8,2022
,,Cañar,100,9,2022
,,El Oro,357,2,2022
,,Morona Santiago,46,7,2022
,,Loja,256,3,2022
,,Los Ríos,363,4,2022
,,Carchi,69,8,2022
,,Manabí,712,8,2022
,,Santa Elena,145,10,2022
,,Cañar,97,10,2022
,,Napo,43,3,2022
,,Orellana,37,2,2022
,,Santa Elena,140,5,2022
,,Tungurahua,223,10,2022
,,Cañar,113,3,2022
,,Napo,29,4,2022
,,Guayas,2126,6,2022
,,Guayas,2217,7,2022
,,Cotopaxi,167,5,2022
,,Carchi,77,10,2022
,,Chimborazo,254,8,2022
,,Sucumbíos,79,4,2022
,,Azuay,376,3,2022
,,Tungurahua,305,2,2022
,,Bolívar,75,10,2022
,,Azuay,395,9,2022
,,Los Ríos,357,10,2022
,,Napo,37,5,2022
,,Loja,204,5,2022
,,Pichincha,1569,1,2022
,,Carchi,69,11,2022
,,Guayas,2201,8,2022
,,Tungurahua,225,4,2022
,,Orellana,62,7,2022
,,Loja,191,4,2022
,,Cañar,129,1,2022
,,Cotopaxi,181,9,2022
,,Azuay,390,5,2022
,,Santa Elena,122,6,2022
,,Zamora Chinchipe,32,8,2022
,,Chimborazo,209,4,2022
,,Carchi,80,2,2022
,,Cotopaxi,181,10,2022
,,Morona Santiago,34,12,2022
,,Cotopaxi,187,1,2022
,,Sto. Domingo Tsáchilas,268,10,2022
,,Pichincha,1329,8,2022
,,Orellana,43,9,2022
,,Zamora Chinchipe,29,4,2022
,,Sto. Domingo Tsáchilas,305,1,2022
,,Los Ríos,364,3,2022
,,Azuay,462,1,2022
,,Zamora Chinchipe,36,3,2022
,,Tungurahua,313,1,2022
,,Guayas,2066,10,2022
,,Tungurahua,241,11,2022
,,Cotopaxi,177,6,2022
,,Azuay,378,4,2022
,,Pichincha,1151,11,2022
,,Morona Santiago,58,10,2022
,,Chimborazo,180,11,2022
,,Imbabura,176,10,2022
,,Guayas,1951,9,2022
,,Chimborazo,209,5,2022
,,Tungurahua,259,5,2022
,,El Oro,336,8,2022
,,Orellana,46,1,2022
,,Pastaza,28,5,2022
