provincia,poblacion,total,nuevas,semana,anio
Azuay,881394,226,4,1,2021
Bolívar,209933,73,1,1,2021
Carchi,186869,130,8,1,2021
Cañar,281396,104,1,1,2021
Chimborazo,524004,357,12,1,2021
Cotopaxi,488716,316,4,1,2021
El Oro,715751,577,6,1,2021
Esmeraldas,591083,242,1,1,2021
Galápagos,33042,6,1,1,2021
Guayas,4387434,1866,7,1,2021
Imbabura,476257,217,3,1,2021
Loja,521154,247,1,1,2021
Los Ríos,921763,362,1,1,2021
Manabí,1562079,1325,24,1,2021
Morona Santiago,196535,37,1,1,2021
Napo,133705,78,0,1,2021
Orellana,161338,53,0,1,2021
Pastaza,114202,64,1,1,2021
Pichincha,3228233,2033,6,1,2021
Santa Elena,401178,389,4,1,2021
Sto. Domingo Tsáchilas,511151,385,9,1,2021
Sucumbíos,230503,100,2,1,2021
Tungurahua,590600,350,9,1,2021
Zamora Chinchipe,120416,56,0,1,2021
Azuay,881394,228,2,2,2021
Bolívar,209933,73,0,2,2021
Carchi,186869,141,11,2,2021
Cañar,281396,105,1,2,2021
Chimborazo,524004,361,4,2,2021
Cotopaxi,488716,326,10,2,2021
El Oro,715751,585,8,2,2021
Esmeraldas,591083,242,0,2,2021
Galápagos,33042,6,0,2,2021
Guayas,4387434,1870,4,2,2021
Imbabura,476257,222,5,2,2021
Loja,521154,247,0,2,2021
Los Ríos,921763,363,1,2,2021
Manabí,1562079,1355,30,2,2021
Morona Santiago,196535,37,0,2,2021
Napo,133705,79,1,2,2021
Orellana,161338,53,0,2,2021
Pastaza,114202,65,1,2,2021
Pichincha,3228233,2061,28,2,2021
Santa Elena,401178,392,3,2,2021
Sto. Domingo Tsáchilas,511151,393,8,2,2021
Sucumbíos,230503,101,1,2,2021
Tungurahua,590600,353,3,2,2021
Zamora Chinchipe,120416,56,0,2,2021
Azuay,881394,249,21,3,2021
Bolívar,209933,73,0,3,2021
Carchi,186869,156,15,3,2021
Cañar,281396,108,3,3,2021
Chimborazo,524004,366,5,3,2021
Cotopaxi,488716,331,5,3,2021
El Oro,715751,610,25,3,2021
Esmeraldas,591083,246,4,3,2021
Galápagos,33042,7,1,3,2021
Guayas,4387434,1925,55,3,2021
Imbabura,476257,228,6,3,2021
Loja,521154,255,8,3,2021
Los Ríos,921763,365,2,3,2021
Manabí,1562079,1378,23,3,2021
Morona Santiago,196535,38,1,3,2021
Napo,133705,80,1,3,2021
Orellana,161338,55,2,3,2021
Pastaza,114202,65,0,3,2021
Pichincha,3228233,2083,22,3,2021
Santa Elena,401178,406,14,3,2021
Sto. Domingo Tsáchilas,511151,401,8,3,2021
Sucumbíos,230503,107,6,3,2021
Tungurahua,590600,380,27,3,2021
Zamora Chinchipe,120416,56,0,3,2021
Azuay,881394,267,18,4,2021
Bolívar,209933,75,2,4,2021
Carchi,186869,166,10,4,2021
Cañar,281396,109,1,4,2021
Chimborazo,524004,386,20,4,2021
Cotopaxi,488716,343,12,4,2021
El Oro,715751,631,21,4,2021
Esmeraldas,591083,247,1,4,2021
Galápagos,33042,8,1,4,2021
Guayas,4387434,1949,24,4,2021
Imbabura,476257,231,3,4,2021
Loja,521154,261,6,4,2021
Los Ríos,921763,365,0,4,2021
Manabí,1562079,1412,34,4,2021
Morona Santiago,196535,39,1,4,2021
Napo,133705,80,0,4,2021
Orellana,161338,56,1,4,2021
Pastaza,114202,67,2,4,2021
Pichincha,3228233,2108,25,4,2021
Santa Elena,401178,407,1,4,2021
Sto. Domingo Tsáchilas,511151,414,13,4,2021
Sucumbíos,230503,108,1,4,2021
Tungurahua,590600,390,10,4,2021
Zamora Chinchipe,120416,58,2,4,2021
Azuay,881394,280,13,5,2021
Bolívar,209933,75,0,5,2021
Carchi,186869,171,5,5,2021
Cañar,281396,109,0,5,2021
Chimborazo,524004,387,1,5,2021
Cotopaxi,488716,353,10,5,2021
El Oro,715751,647,16,5,2021
Esmeraldas,591083,247,0,5,2021
Galápagos,33042,8,0,5,2021
Guayas,4387434,1959,10,5,2021
Imbabura,476257,236,5,5,2021
Loja,521154,273,12,5,2021
Los Ríos,921763,368,3,5,2021
Manabí,1562079,1441,29,5,2021
Morona Santiago,196535,41,2,5,2021
Napo,133705,80,0,5,2021
Orellana,161338,57,1,5,2021
Pastaza,114202,67,0,5,2021
Pichincha,3228233,2122,14,5,2021
Santa Elena,401178,408,1,5,2021
Sto. Domingo Tsáchilas,511151,419,5,5,2021
Sucumbíos,230503,108,0,5,2021
Tungurahua,590600,404,14,5,2021
Zamora Chinchipe,120416,58,0,5,2021
Azuay,881394,297,17,6,2021
Bolívar,209933,76,1,6,2021
Carchi,186869,176,5,6,2021
Cañar,281396,110,1,6,2021
Chimborazo,524004,392,5,6,2021
Cotopaxi,488716,363,10,6,2021
El Oro,715751,668,21,6,2021
Esmeraldas,591083,260,13,6,2021
Galápagos,33042,8,0,6,2021
Guayas,4387434,2028,69,6,2021
Imbabura,476257,245,9,6,2021
Loja,521154,278,5,6,2021
Los Ríos,921763,375,7,6,2021
Manabí,1562079,1495,54,6,2021
Morona Santiago,196535,41,0,6,2021
Napo,133705,80,0,6,2021
Orellana,161338,58,1,6,2021
Pastaza,114202,67,0,6,2021
Pichincha,3228233,2151,29,6,2021
Santa Elena,401178,410,2,6,2021
Sto. Domingo Tsáchilas,511151,432,13,6,2021
Sucumbíos,230503,108,0,6,2021
Tungurahua,590600,423,19,6,2021
Zamora Chinchipe,120416,58,0,6,2021
Azuay,881394,300,3,7,2021
Bolívar,209933,77,1,7,2021
Carchi,186869,183,7,7,2021
Cañar,281396,110,0,7,2021
Chimborazo,524004,394,2,7,2021
Cotopaxi,488716,373,10,7,2021
El Oro,715751,710,42,7,2021
Esmeraldas,591083,264,4,7,2021
Galápagos,33042,8,0,7,2021
Guayas,4387434,2055,27,7,2021
Imbabura,476257,247,2,7,2021
Loja,521154,284,6,7,2021
Los Ríos,921763,378,3,7,2021
Manabí,1562079,1534,39,7,2021
Morona Santiago,196535,41,0,7,2021
Napo,133705,80,0,7,2021
Orellana,161338,58,0,7,2021
Pastaza,114202,67,0,7,2021
Pichincha,3228233,2178,27,7,2021
Santa Elena,401178,410,0,7,2021
Sto. Domingo Tsáchilas,511151,448,16,7,2021
Sucumbíos,230503,108,0,7,2021
Tungurahua,590600,430,7,7,2021
Zamora Chinchipe,120416,59,1,7,2021
Azuay,881394,305,5,8,2021
Bolívar,209933,81,4,8,2021
Carchi,186869,187,4,8,2021
Cañar,281396,112,2,8,2021
Chimborazo,524004,398,4,8,2021
Cotopaxi,488716,388,15,8,2021
El Oro,715751,721,11,8,2021
Esmeraldas,591083,267,3,8,2021
Galápagos,33042,8,0,8,2021
Guayas,4387434,2070,15,8,2021
Imbabura,476257,258,11,8,2021
Loja,521154,291,7,8,2021
Los Ríos,921763,380,2,8,2021
Manabí,1562079,1573,39,8,2021
Morona Santiago,196535,41,0,8,2021
Napo,133705,84,4,8,2021
Orellana,161338,59,1,8,2021
Pastaza,114202,67,0,8,2021
Pichincha,3228233,2296,118,8,2021
Santa Elena,401178,410,0,8,2021
Sto. Domingo Tsáchilas,511151,461,13,8,2021
Sucumbíos,230503,109,1,8,2021
Tungurahua,590600,432,2,8,2021
Zamora Chinchipe,120416,60,1,8,2021
Azuay,881394,316,11,9,2021
Bolívar,209933,82,1,9,2021
Carchi,186869,194,7,9,2021
Cañar,281396,112,0,9,2021
Chimborazo,524004,401,3,9,2021
Cotopaxi,488716,390,2,9,2021
El Oro,715751,727,6,9,2021
Esmeraldas,591083,276,9,9,2021
Galápagos,33042,8,0,9,2021
Guayas,4387434,2084,14,9,2021
Imbabura,476257,264,6,9,2021
Loja,521154,303,12,9,2021
Los Ríos,921763,393,13,9,2021
Manabí,1562079,1614,41,9,2021
Morona Santiago,196535,45,4,9,2021
Napo,133705,84,0,9,2021
Orellana,161338,59,0,9,2021
Pastaza,114202,67,0,9,2021
Pichincha,3228233,2344,48,9,2021
Santa Elena,401178,410,0,9,2021
Sto. Domingo Tsáchilas,511151,480,19,9,2021
Sucumbíos,230503,110,1,9,2021
Tungurahua,590600,432,0,9,2021
Zamora Chinchipe,120416,63,3,9,2021
Azuay,881394,321,5,10,2021
Bolívar,209933,83,1,10,2021
Carchi,186869,197,3,10,2021
Cañar,281396,113,1,10,2021
Chimborazo,524004,402,1,10,2021
Cotopaxi,488716,392,2,10,2021
El Oro,715751,737,10,10,2021
Esmeraldas,591083,277,1,10,2021
Galápagos,33042,8,0,10,2021
Guayas,4387434,2099,15,10,2021
Imbabura,476257,272,8,10,2021
Loja,521154,319,16,10,2021
Los Ríos,921763,395,2,10,2021
Manabí,1562079,1659,45,10,2021
Morona Santiago,196535,47,2,10,2021
Napo,133705,87,3,10,2021
Orellana,161338,61,2,10,2021
Pastaza,114202,69,2,10,2021
Pichincha,3228233,2396,52,10,2021
Santa Elena,401178,410,0,10,2021
Sto. Domingo Tsáchilas,511151,490,10,10,2021
Sucumbíos,230503,113,3,10,2021
Tungurahua,590600,433,1,10,2021
Zamora Chinchipe,120416,66,3,10,2021
Azuay,881394,324,3,11,2021
Bolívar,209933,84,1,11,2021
Carchi,186869,200,3,11,2021
Cañar,281396,114,1,11,2021
Chimborazo,524004,404,2,11,2021
Cotopaxi,488716,394,2,11,2021
El Oro,715751,756,19,11,2021
Esmeraldas,591083,288,11,11,2021
Galápagos,33042,9,1,11,2021
Guayas,4387434,2109,10,11,2021
Imbabura,476257,275,3,11,2021
Loja,521154,332,13,11,2021
Los Ríos,921763,396,1,11,2021
Manabí,1562079,1701,42,11,2021
Morona Santiago,196535,47,0,11,2021
Napo,133705,90,3,11,2021
Orellana,161338,62,1,11,2021
Pastaza,114202,72,3,11,2021
Pichincha,3228233,2446,50,11,2021
Santa Elena,401178,410,0,11,2021
Sto. Domingo Tsáchilas,511151,501,11,11,2021
Sucumbíos,230503,119,6,11,2021
Tungurahua,590600,437,4,11,2021
Zamora Chinchipe,120416,67,1,11,2021
Azuay,881394,338,14,12,2021
Bolívar,209933,85,1,12,2021
Carchi,186869,207,7,12,2021
Cañar,281396,116,2,12,2021
Chimborazo,524004,408,4,12,2021
Cotopaxi,488716,397,3,12,2021
El Oro,715751,770,14,12,2021
Esmeraldas,591083,302,14,12,2021
Galápagos,33042,9,0,12,2021
Guayas,4387434,2132,23,12,2021
Imbabura,476257,280,5,12,2021
Loja,521154,347,15,12,2021
Los Ríos,921763,407,11,12,2021
Manabí,1562079,1767,66,12,2021
Morona Santiago,196535,48,1,12,2021
Napo,133705,90,0,12,2021
Orellana,161338,62,0,12,2021
Pastaza,114202,72,0,12,2021
Pichincha,3228233,2474,28,12,2021
Santa Elena,401178,410,0,12,2021
Sto. Domingo Tsáchilas,511151,522,21,12,2021
Sucumbíos,230503,123,4,12,2021
Tungurahua,590600,437,0,12,2021
Zamora Chinchipe,120416,69,2,12,2021
Azuay,881394,344,6,13,2021
Bolívar,209933,87,2,13,2021
Carchi,186869,212,5,13,2021
Cañar,281396,118,2,13,2021
Chimborazo,524004,409,1,13,2021
Cotopaxi,488716,401,4,13,2021
El Oro,715751,788,18,13,2021
Esmeraldas,591083,303,1,13,2021
Galápagos,33042,9,0,13,2021
Guayas,4387434,2146,14,13,2021
Imbabura,476257,290,10,13,2021
Loja,521154,372,25,13,2021
Los Ríos,921763,412,5,13,2021
Manabí,1562079,1808,41,13,2021
Morona Santiago,196535,49,1,13,2021
Napo,133705,91,1,13,2021
Orellana,161338,63,1,13,2021
Pastaza,114202,73,1,13,2021
Pichincha,3228233,2507,33,13,2021
Santa Elena,401178,410,0,13,2021
Sto. Domingo Tsáchilas,511151,534,12,13,2021
Sucumbíos,230503,127,4,13,2021
Tungurahua,590600,437,0,13,2021
Zamora Chinchipe,120416,70,1,13,2021
Azuay,881394,355,11,14,2021
Bolívar,209933,88,1,14,2021
Carchi,186869,219,7,14,2021
Cañar,281396,121,3,14,2021
Chimborazo,524004,413,4,14,2021
Cotopaxi,488716,405,4,14,2021
El Oro,715751,818,30,14,2021
Esmeraldas,591083,317,14,14,2021
Galápagos,33042,9,0,14,2021
Guayas,4387434,2161,15,14,2021
Imbabura,476257,298,8,14,2021
Loja,521154,395,23,14,2021
Los Ríos,921763,417,5,14,2021
Manabí,1562079,1878,70,14,2021
Morona Santiago,196535,50,1,14,2021
Napo,133705,91,0,14,2021
Orellana,161338,65,2,14,2021
Pastaza,114202,73,0,14,2021
Pichincha,3228233,2587,80,14,2021
Santa Elena,401178,410,0,14,2021
Sto. Domingo Tsáchilas,511151,553,19,14,2021
Sucumbíos,230503,132,5,14,2021
Tungurahua,590600,439,2,14,2021
Zamora Chinchipe,120416,76,6,14,2021
Azuay,881394,358,3,15,2021
Bolívar,209933,92,4,15,2021
Carchi,186869,219,0,15,2021
Cañar,281396,122,1,15,2021
Chimborazo,524004,416,3,15,2021
Cotopaxi,488716,407,2,15,2021
El Oro,715751,842,24,15,2021
Esmeraldas,591083,324,7,15,2021
Galápagos,33042,9,0,15,2021
Guayas,4387434,2243,82,15,2021
Imbabura,476257,310,12,15,2021
Loja,521154,419,24,15,2021
Los Ríos,921763,428,11,15,2021
Manabí,1562079,1932,54,15,2021
Morona Santiago,196535,53,3,15,2021
Napo,133705,92,1,15,2021
Orellana,161338,65,0,15,2021
Pastaza,114202,74,1,15,2021
Pichincha,3228233,2677,90,15,2021
Santa Elena,401178,410,0,15,2021
Sto. Domingo Tsáchilas,511151,570,17,15,2021
Sucumbíos,230503,137,5,15,2021
Tungurahua,590600,440,1,15,2021
Zamora Chinchipe,120416,81,5,15,2021
Azuay,881394,372,14,16,2021
Bolívar,209933,98,6,16,2021
Carchi,186869,228,9,16,2021
Cañar,281396,125,3,16,2021
Chimborazo,524004,417,1,16,2021
Cotopaxi,488716,413,6,16,2021
El Oro,715751,871,29,16,2021
Esmeraldas,591083,344,20,16,2021
Galápagos,33042,9,0,16,2021
Guayas,4387434,2310,67,16,2021
Imbabura,476257,327,17,16,2021
Loja,521154,453,34,16,2021
Los Ríos,921763,431,3,16,2021
Manabí,1562079,2030,98,16,2021
Morona Santiago,196535,54,1,16,2021
Napo,133705,94,2,16,2021
Orellana,161338,66,1,16,2021
Pastaza,114202,74,0,16,2021
Pichincha,3228233,2711,34,16,2021
Santa Elena,401178,410,0,16,2021
Sto. Domingo Tsáchilas,511151,586,16,16,2021
Sucumbíos,230503,146,9,16,2021
Tungurahua,590600,443,3,16,2021
Zamora Chinchipe,120416,86,5,16,2021
Azuay,881394,405,33,17,2021
Bolívar,209933,99,1,17,2021
Carchi,186869,233,5,17,2021
Cañar,281396,125,0,17,2021
Chimborazo,524004,420,3,17,2021
Cotopaxi,488716,419,6,17,2021
El Oro,715751,922,51,17,2021
Esmeraldas,591083,354,10,17,2021
Galápagos,33042,9,0,17,2021
Guayas,4387434,2389,79,17,2021
Imbabura,476257,340,13,17,2021
Loja,521154,483,30,17,2021
Los Ríos,921763,438,7,17,2021
Manabí,1562079,2163,133,17,2021
Morona Santiago,196535,54,0,17,2021
Napo,133705,96,2,17,2021
Orellana,161338,67,1,17,2021
Pastaza,114202,74,0,17,2021
Pichincha,3228233,2782,71,17,2021
Santa Elena,401178,411,1,17,2021
Sto. Domingo Tsáchilas,511151,614,28,17,2021
Sucumbíos,230503,150,4,17,2021
Tungurahua,590600,444,1,17,2021
Zamora Chinchipe,120416,88,2,17,2021
Azuay,881394,433,28,18,2021
Bolívar,209933,101,2,18,2021
Carchi,186869,249,16,18,2021
Cañar,281396,128,3,18,2021
Chimborazo,524004,424,4,18,2021
Cotopaxi,488716,449,30,18,2021
El Oro,715751,960,38,18,2021
Esmeraldas,591083,357,3,18,2021
Galápagos,33042,10,1,18,2021
Guayas,4387434,2438,49,18,2021
Imbabura,476257,360,20,18,2021
Loja,521154,505,22,18,2021
Los Ríos,921763,444,6,18,2021
Manabí,1562079,2250,87,18,2021
Morona Santiago,196535,55,1,18,2021
Napo,133705,97,1,18,2021
Orellana,161338,69,2,18,2021
Pastaza,114202,80,6,18,2021
Pichincha,3228233,2846,64,18,2021
Santa Elena,401178,412,1,18,2021
Sto. Domingo Tsáchilas,511151,621,7,18,2021
Sucumbíos,230503,159,9,18,2021
Tungurahua,590600,460,16,18,2021
Zamora Chinchipe,120416,90,2,18,2021
Azuay,881394,468,35,19,2021
Bolívar,209933,105,4,19,2021
Carchi,186869,255,6,19,2021
Cañar,281396,132,4,19,2021
Chimborazo,524004,508,84,19,2021
Cotopaxi,488716,466,17,19,2021
El Oro,715751,999,39,19,2021
Esmeraldas,591083,371,14,19,2021
Galápagos,33042,10,0,19,2021
Guayas,4387434,2485,47,19,2021
Imbabura,476257,375,15,19,2021
Loja,521154,520,15,19,2021
Los Ríos,921763,453,9,19,2021
Manabí,1562079,2311,61,19,2021
Morona Santiago,196535,56,1,19,2021
Napo,133705,100,3,19,2021
Orellana,161338,79,10,19,2021
Pastaza,114202,82,2,19,2021
Pichincha,3228233,2873,27,19,2021
Santa Elena,401178,413,1,19,2021
Sto. Domingo Tsáchilas,511151,633,12,19,2021
Sucumbíos,230503,165,6,19,2021
Tungurahua,590600,464,4,19,2021
Zamora Chinchipe,120416,92,2,19,2021
Azuay,881394,479,11,20,2021
Bolívar,209933,105,0,20,2021
Carchi,186869,263,8,20,2021
Cañar,281396,132,0,20,2021
Chimborazo,524004,517,9,20,2021
Cotopaxi,488716,492,26,20,2021
El Oro,715751,1020,21,20,2021
Esmeraldas,591083,376,5,20,2021
Galápagos,33042,10,0,20,2021
Guayas,4387434,2557,72,20,2021
Imbabura,476257,390,15,20,2021
Loja,521154,534,14,20,2021
Los Ríos,921763,465,12,20,2021
Manabí,1562079,2386,75,20,2021
Morona Santiago,196535,57,1,20,2021
Napo,133705,103,3,20,2021
Orellana,161338,79,0,20,2021
Pastaza,114202,83,1,20,2021
Pichincha,3228233,2934,61,20,2021
Santa Elena,401178,413,0,20,2021
Sto. Domingo Tsáchilas,511151,641,8,20,2021
Sucumbíos,230503,167,2,20,2021
Tungurahua,590600,468,4,20,2021
Zamora Chinchipe,120416,93,1,20,2021
Azuay,881394,486,7,21,2021
Bolívar,209933,106,1,21,2021
Carchi,186869,266,3,21,2021
Cañar,281396,133,1,21,2021
Chimborazo,524004,518,1,21,2021
Cotopaxi,488716,506,14,21,2021
El Oro,715751,1041,21,21,2021
Esmeraldas,591083,379,3,21,2021
Galápagos,33042,10,0,21,2021
Guayas,4387434,2623,66,21,2021
Imbabura,476257,394,4,21,2021
Loja,521154,540,6,21,2021
Los Ríos,921763,471,6,21,2021
Manabí,1562079,2427,41,21,2021
Morona Santiago,196535,57,0,21,2021
Napo,133705,104,1,21,2021
Orellana,161338,83,4,21,2021
Pastaza,114202,84,1,21,2021
Pichincha,3228233,3027,93,21,2021
Santa Elena,401178,417,4,21,2021
Sto. Domingo Tsáchilas,511151,664,23,21,2021
Sucumbíos,230503,171,4,21,2021
Tungurahua,590600,469,1,21,2021
Zamora Chinchipe,120416,94,1,21,2021
Azuay,881394,490,4,22,2021
Bolívar,209933,107,1,22,2021
Carchi,186869,270,4,22,2021
Cañar,281396,134,1,22,2021
Chimborazo,524004,518,0,22,2021
Cotopaxi,488716,518,12,22,2021
El Oro,715751,1050,9,22,2021
Esmeraldas,591083,384,5,22,2021
Galápagos,33042,10,0,22,2021
Guayas,4387434,2677,54,22,2021
Imbabura,476257,399,5,22,2021
Loja,521154,543,3,22,2021
Los Ríos,921763,473,2,22,2021
Manabí,1562079,2462,35,22,2021
Morona Santiago,196535,58,1,22,2021
Napo,133705,106,2,22,2021
Orellana,161338,91,8,22,2021
Pastaza,114202,84,0,22,2021
Pichincha,3228233,3067,40,22,2021
Santa Elena,401178,418,1,22,2021
Sto. Domingo Tsáchilas,511151,676,12,22,2021
Sucumbíos,230503,172,1,22,2021
Tungurahua,590600,486,17,22,2021
Zamora Chinchipe,120416,96,2,22,2021
Azuay,881394,494,4,23,2021
Bolívar,209933,108,1,23,2021
Carchi,186869,274,4,23,2021
Cañar,281396,135,1,23,2021
Chimborazo,524004,520,2,23,2021
Cotopaxi,488716,546,28,23,2021
El Oro,715751,1061,11,23,2021
Esmeraldas,591083,385,1,23,2021
Galápagos,33042,10,0,23,2021
Guayas,4387434,2696,19,23,2021
Imbabura,476257,405,6,23,2021
Loja,521154,550,7,23,2021
Los Ríos,921763,483,10,23,2021
Manabí,1562079,2492,30,23,2021
Morona Santiago,196535,58,0,23,2021
Napo,133705,106,0,23,2021
Orellana,161338,92,1,23,2021
Pastaza,114202,85,1,23,2021
Pichincha,3228233,3104,37,23,2021
Santa Elena,401178,420,2,23,2021
Sto. Domingo Tsáchilas,511151,682,6,23,2021
Sucumbíos,230503,173,1,23,2021
Tungurahua,590600,506,20,23,2021
Zamora Chinchipe,120416,98,2,23,2021
Azuay,881394,505,11,24,2021
Bolívar,209933,111,3,24,2021
Carchi,186869,275,1,24,2021
Cañar,281396,137,2,24,2021
Chimborazo,524004,523,3,24,2021
Cotopaxi,488716,576,30,24,2021
El Oro,715751,1083,22,24,2021
Esmeraldas,591083,385,0,24,2021
Galápagos,33042,10,0,24,2021
Guayas,4387434,2704,8,24,2021
Imbabura,476257,408,3,24,2021
Loja,521154,555,5,24,2021
Los Ríos,921763,487,4,24,2021
Manabí,1562079,2507,15,24,2021
Morona Santiago,196535,58,0,24,2021
Napo,133705,107,1,24,2021
Orellana,161338,93,1,24,2021
Pastaza,114202,86,1,24,2021
Pichincha,3228233,3137,33,24,2021
Santa Elena,401178,421,1,24,2021
Sto. Domingo Tsáchilas,511151,690,8,24,2021
Sucumbíos,230503,173,0,24,2021
Tungurahua,590600,572,66,24,2021
Zamora Chinchipe,120416,100,2,24,2021
Azuay,881394,514,9,25,2021
Bolívar,209933,111,0,25,2021
Carchi,186869,283,8,25,2021
Cañar,281396,137,0,25,2021
Chimborazo,524004,524,1,25,2021
Cotopaxi,488716,580,4,25,2021
El Oro,715751,1091,8,25,2021
Esmeraldas,591083,388,3,25,2021
Galápagos,33042,10,0,25,2021
Guayas,4387434,2720,16,25,2021
Imbabura,476257,415,7,25,2021
Loja,521154,560,5,25,2021
Los Ríos,921763,491,4,25,2021
Manabí,1562079,2524,17,25,2021
Morona Santiago,196535,59,1,25,2021
Napo,133705,107,0,25,2021
Orellana,161338,96,3,25,2021
Pastaza,114202,87,1,25,2021
Pichincha,3228233,3166,29,25,2021
Santa Elena,401178,428,7,25,2021
Sto. Domingo Tsáchilas,511151,693,3,25,2021
Sucumbíos,230503,173,0,25,2021
Tungurahua,590600,617,45,25,2021
Zamora Chinchipe,120416,100,0,25,2021
Azuay,881394,519,5,26,2021
Bolívar,209933,111,0,26,2021
Carchi,186869,284,1,26,2021
Cañar,281396,137,0,26,2021
Chimborazo,524004,527,3,26,2021
Cotopaxi,488716,580,0,26,2021
El Oro,715751,1097,6,26,2021
Esmeraldas,591083,390,2,26,2021
Galápagos,33042,10,0,26,2021
Guayas,4387434,2732,12,26,2021
Imbabura,476257,424,9,26,2021
Loja,521154,566,6,26,2021
Los Ríos,921763,493,2,26,2021
Manabí,1562079,2546,22,26,2021
Morona Santiago,196535,59,0,26,2021
Napo,133705,109,2,26,2021
Orellana,161338,96,0,26,2021
Pastaza,114202,87,0,26,2021
Pichincha,3228233,3197,31,26,2021
Santa Elena,401178,428,0,26,2021
Sto. Domingo Tsáchilas,511151,696,3,26,2021
Sucumbíos,230503,173,0,26,2021
Tungurahua,590600,619,2,26,2021
Zamora Chinchipe,120416,100,0,26,2021
Azuay,881394,519,0,27,2021
Bolívar,209933,112,1,27,2021
Carchi,186869,287,3,27,2021
Cañar,281396,137,0,27,2021
Chimborazo,524004,548,21,27,2021
Cotopaxi,488716,580,0,27,2021
El Oro,715751,1117,20,27,2021
Esmeraldas,591083,393,3,27,2021
Galápagos,33042,10,0,27,2021
Guayas,4387434,2774,42,27,2021
Imbabura,476257,428,4,27,2021
Loja,521154,568,2,27,2021
Los Ríos,921763,500,7,27,2021
Manabí,1562079,2567,21,27,2021
Morona Santiago,196535,60,1,27,2021
Napo,133705,110,1,27,2021
Orellana,161338,96,0,27,2021
Pastaza,114202,87,0,27,2021
Pichincha,3228233,3209,12,27,2021
Santa Elena,401178,430,2,27,2021
Sto. Domingo Tsáchilas,511151,703,7,27,2021
Sucumbíos,230503,173,0,27,2021
Tungurahua,590600,619,0,27,2021
Zamora Chinchipe,120416,100,0,27,2021
Azuay,881394,526,7,28,2021
Bolívar,209933,112,0,28,2021
Carchi,186869,291,4,28,2021
Cañar,281396,138,1,28,2021
Chimborazo,524004,553,5,28,2021
Cotopaxi,488716,586,6,28,2021
El Oro,715751,1126,9,28,2021
Esmeraldas,591083,397,4,28,2021
Galápagos,33042,10,0,28,2021
Guayas,4387434,2798,24,28,2021
Imbabura,476257,432,4,28,2021
Loja,521154,569,1,28,2021
Los Ríos,921763,502,2,28,2021
Manabí,1562079,2576,9,28,2021
Morona Santiago,196535,61,1,28,2021
Napo,133705,111,1,28,2021
Orellana,161338,97,1,28,2021
Pastaza,114202,89,2,28,2021
Pichincha,3228233,3215,6,28,2021
Santa Elena,401178,431,1,28,2021
Sto. Domingo Tsáchilas,511151,704,1,28,2021
Sucumbíos,230503,175,2,28,2021
Tungurahua,590600,632,13,28,2021
Zamora Chinchipe,120416,100,0,28,2021
Azuay,881394,1096,570,29,2021
Bolívar,209933,152,40,29,2021
Carchi,186869,293,2,29,2021
Cañar,281396,256,118,29,2021
Chimborazo,524004,693,140,29,2021
Cotopaxi,488716,673,87,29,2021
El Oro,715751,1326,200,29,2021
Esmeraldas,591083,467,70,29,2021
Galápagos,33042,11,1,29,2021
Guayas,4387434,3904,1106,29,2021
Imbabura,476257,638,206,29,2021
Loja,521154,684,115,29,2021
Los Ríos,921763,696,194,29,2021
Manabí,1562079,2817,241,29,2021
Morona Santiago,196535,118,57,29,2021
Napo,133705,113,2,29,2021
Orellana,161338,110,13,29,2021
Pastaza,114202,115,26,29,2021
Pichincha,3228233,4901,1686,29,2021
Santa Elena,401178,376,-55,29,2021
Sto. Domingo Tsáchilas,511151,783,79,29,2021
Sucumbíos,230503,221,46,29,2021
Tungurahua,590600,877,245,29,2021
Zamora Chinchipe,120416,126,26,29,2021
Azuay,881394,1,1,13,2020
Bolívar,209933,0,0,13,2020
Carchi,186869,0,0,13,2020
Cañar,281396,1,1,13,2020
Chimborazo,524004,0,0,13,2020
Cotopaxi,488716,1,1,13,2020
El Oro,715751,4,4,13,2020
Esmeraldas,591083,0,0,13,2020
Galápagos,33042,0,0,13,2020
Guayas,4387434,37,37,13,2020
Imbabura,476257,1,1,13,2020
Loja,521154,0,0,13,2020
Los Ríos,921763,5,5,13,2020
Manabí,1562079,1,1,13,2020
Morona Santiago,196535,0,0,13,2020
Napo,133705,0,0,13,2020
Orellana,161338,0,0,13,2020
Pastaza,114202,0,0,13,2020
Pichincha,3228233,4,4,13,2020
Santa Elena,401178,2,2,13,2020
Sto. Domingo Tsáchilas,511151,0,0,13,2020
Sucumbíos,230503,1,1,13,2020
Tungurahua,590600,0,0,13,2020
Zamora Chinchipe,120416,0,0,13,2020
Azuay,881394,5,4,14,2020
Bolívar,209933,1,1,14,2020
Carchi,186869,0,0,14,2020
Cañar,281396,2,1,14,2020
Chimborazo,524004,2,2,14,2020
Cotopaxi,488716,1,0,14,2020
El Oro,715751,13,9,14,2020
Esmeraldas,591083,0,0,14,2020
Galápagos,33042,1,1,14,2020
Guayas,4387434,126,89,14,2020
Imbabura,476257,1,0,14,2020
Loja,521154,0,0,14,2020
Los Ríos,921763,10,5,14,2020
Manabí,1562079,2,1,14,2020
Morona Santiago,196535,0,0,14,2020
Napo,133705,0,0,14,2020
Orellana,161338,0,0,14,2020
Pastaza,114202,0,0,14,2020
Pichincha,3228233,6,2,14,2020
Santa Elena,401178,4,2,14,2020
Sto. Domingo Tsáchilas,511151,2,2,14,2020
Sucumbíos,230503,1,0,14,2020
Tungurahua,590600,3,3,14,2020
Zamora Chinchipe,120416,0,0,14,2020
Azuay,881394,7,2,15,2020
Bolívar,209933,2,1,15,2020
Carchi,186869,2,2,15,2020
Cañar,281396,4,2,15,2020
Chimborazo,524004,15,13,15,2020
Cotopaxi,488716,7,6,15,2020
El Oro,715751,27,14,15,2020
Esmeraldas,591083,7,7,15,2020
Galápagos,33042,1,0,15,2020
Guayas,4387434,168,42,15,2020
Imbabura,476257,3,2,15,2020
Loja,521154,2,2,15,2020
Los Ríos,921763,13,3,15,2020
Manabí,1562079,29,27,15,2020
Morona Santiago,196535,0,0,15,2020
Napo,133705,0,0,15,2020
Orellana,161338,0,0,15,2020
Pastaza,114202,0,0,15,2020
Pichincha,3228233,26,20,15,2020
Santa Elena,401178,5,1,15,2020
Sto. Domingo Tsáchilas,511151,8,6,15,2020
Sucumbíos,230503,1,0,15,2020
Tungurahua,590600,5,2,15,2020
Zamora Chinchipe,120416,1,1,15,2020
Azuay,881394,11,4,16,2020
Bolívar,209933,6,4,16,2020
Carchi,186869,3,1,16,2020
Cañar,281396,8,4,16,2020
Chimborazo,524004,24,9,16,2020
Cotopaxi,488716,11,4,16,2020
El Oro,715751,51,24,16,2020
Esmeraldas,591083,7,0,16,2020
Galápagos,33042,1,0,16,2020
Guayas,4387434,208,40,16,2020
Imbabura,476257,5,2,16,2020
Loja,521154,5,3,16,2020
Los Ríos,921763,18,5,16,2020
Manabí,1562079,42,13,16,2020
Morona Santiago,196535,0,0,16,2020
Napo,133705,1,1,16,2020
Orellana,161338,0,0,16,2020
Pastaza,114202,2,2,16,2020
Pichincha,3228233,43,17,16,2020
Santa Elena,401178,5,0,16,2020
Sto. Domingo Tsáchilas,511151,13,5,16,2020
Sucumbíos,230503,1,0,16,2020
Tungurahua,590600,8,3,16,2020
Zamora Chinchipe,120416,1,0,16,2020
Azuay,881394,11,0,17,2020
Bolívar,209933,7,1,17,2020
Carchi,186869,3,0,17,2020
Cañar,281396,9,1,17,2020
Chimborazo,524004,27,3,17,2020
Cotopaxi,488716,13,2,17,2020
El Oro,715751,59,8,17,2020
Esmeraldas,591083,12,5,17,2020
Galápagos,33042,1,0,17,2020
Guayas,4387434,245,37,17,2020
Imbabura,476257,8,3,17,2020
Loja,521154,7,2,17,2020
Los Ríos,921763,19,1,17,2020
Manabí,1562079,50,8,17,2020
Morona Santiago,196535,0,0,17,2020
Napo,133705,2,1,17,2020
Orellana,161338,0,0,17,2020
Pastaza,114202,2,0,17,2020
Pichincha,3228233,54,11,17,2020
Santa Elena,401178,5,0,17,2020
Sto. Domingo Tsáchilas,511151,15,2,17,2020
Sucumbíos,230503,1,0,17,2020
Tungurahua,590600,9,1,17,2020
Zamora Chinchipe,120416,1,0,17,2020
Azuay,881394,16,5,18,2020
Bolívar,209933,13,6,18,2020
Carchi,186869,6,3,18,2020
Cañar,281396,10,1,18,2020
Chimborazo,524004,52,25,18,2020
Cotopaxi,488716,25,12,18,2020
El Oro,715751,106,47,18,2020
Esmeraldas,591083,28,16,18,2020
Galápagos,33042,1,0,18,2020
Guayas,4387434,683,438,18,2020
Imbabura,476257,9,1,18,2020
Loja,521154,16,9,18,2020
Los Ríos,921763,59,40,18,2020
Manabí,1562079,206,156,18,2020
Morona Santiago,196535,1,1,18,2020
Napo,133705,3,1,18,2020
Orellana,161338,1,1,18,2020
Pastaza,114202,3,1,18,2020
Pichincha,3228233,91,37,18,2020
Santa Elena,401178,164,159,18,2020
Sto. Domingo Tsáchilas,511151,35,20,18,2020
Sucumbíos,230503,2,1,18,2020
Tungurahua,590600,32,23,18,2020
Zamora Chinchipe,120416,2,1,18,2020
Azuay,881394,24,8,19,2020
Bolívar,209933,18,5,19,2020
Carchi,186869,8,2,19,2020
Cañar,281396,22,12,19,2020
Chimborazo,524004,66,14,19,2020
Cotopaxi,488716,36,11,19,2020
El Oro,715751,114,8,19,2020
Esmeraldas,591083,43,15,19,2020
Galápagos,33042,1,0,19,2020
Guayas,4387434,1059,376,19,2020
Imbabura,476257,11,2,19,2020
Loja,521154,14,-2,19,2020
Los Ríos,921763,76,17,19,2020
Manabí,1562079,252,46,19,2020
Morona Santiago,196535,1,0,19,2020
Napo,133705,3,0,19,2020
Orellana,161338,1,0,19,2020
Pastaza,114202,4,1,19,2020
Pichincha,3228233,105,14,19,2020
Santa Elena,401178,191,27,19,2020
Sto. Domingo Tsáchilas,511151,39,4,19,2020
Sucumbíos,230503,3,1,19,2020
Tungurahua,590600,34,2,19,2020
Zamora Chinchipe,120416,2,0,19,2020
Azuay,881394,29,5,20,2020
Bolívar,209933,19,1,20,2020
Carchi,186869,8,0,20,2020
Cañar,281396,25,3,20,2020
Chimborazo,524004,87,21,20,2020
Cotopaxi,488716,38,2,20,2020
El Oro,715751,145,31,20,2020
Esmeraldas,591083,56,13,20,2020
Galápagos,33042,1,0,20,2020
Guayas,4387434,1226,167,20,2020
Imbabura,476257,11,0,20,2020
Loja,521154,19,5,20,2020
Los Ríos,921763,151,75,20,2020
Manabí,1562079,337,85,20,2020
Morona Santiago,196535,1,0,20,2020
Napo,133705,7,4,20,2020
Orellana,161338,2,1,20,2020
Pastaza,114202,5,1,20,2020
Pichincha,3228233,215,110,20,2020
Santa Elena,401178,245,54,20,2020
Sto. Domingo Tsáchilas,511151,52,13,20,2020
Sucumbíos,230503,3,0,20,2020
Tungurahua,590600,52,18,20,2020
Zamora Chinchipe,120416,2,0,20,2020
Azuay,881394,33,4,21,2020
Bolívar,209933,22,3,21,2020
Carchi,186869,9,1,21,2020
Cañar,281396,29,4,21,2020
Chimborazo,524004,100,13,21,2020
Cotopaxi,488716,46,8,21,2020
El Oro,715751,164,19,21,2020
Esmeraldas,591083,71,15,21,2020
Galápagos,33042,1,0,21,2020
Guayas,4387434,1362,136,21,2020
Imbabura,476257,12,1,21,2020
Loja,521154,20,1,21,2020
Los Ríos,921763,180,29,21,2020
Manabí,1562079,375,38,21,2020
Morona Santiago,196535,2,1,21,2020
Napo,133705,10,3,21,2020
Orellana,161338,4,2,21,2020
Pastaza,114202,5,0,21,2020
Pichincha,3228233,256,41,21,2020
Santa Elena,401178,277,32,21,2020
Sto. Domingo Tsáchilas,511151,63,11,21,2020
Sucumbíos,230503,3,0,21,2020
Tungurahua,590600,60,8,21,2020
Zamora Chinchipe,120416,4,2,21,2020
Azuay,881394,33,0,22,2020
Bolívar,209933,24,2,22,2020
Carchi,186869,11,2,22,2020
Cañar,281396,30,1,22,2020
Chimborazo,524004,109,9,22,2020
Cotopaxi,488716,54,8,22,2020
El Oro,715751,183,19,22,2020
Esmeraldas,591083,80,9,22,2020
Galápagos,33042,1,0,22,2020
Guayas,4387434,1405,43,22,2020
Imbabura,476257,14,2,22,2020
Loja,521154,21,1,22,2020
Los Ríos,921763,195,15,22,2020
Manabí,1562079,434,59,22,2020
Morona Santiago,196535,3,1,22,2020
Napo,133705,15,5,22,2020
Orellana,161338,4,0,22,2020
Pastaza,114202,5,0,22,2020
Pichincha,3228233,304,48,22,2020
Santa Elena,401178,281,4,22,2020
Sto. Domingo Tsáchilas,511151,74,11,22,2020
Sucumbíos,230503,5,2,22,2020
Tungurahua,590600,68,8,22,2020
Zamora Chinchipe,120416,5,1,22,2020
Azuay,881394,36,3,23,2020
Bolívar,209933,29,5,23,2020
Carchi,186869,12,1,23,2020
Cañar,281396,33,3,23,2020
Chimborazo,524004,117,8,23,2020
Cotopaxi,488716,61,7,23,2020
El Oro,715751,196,13,23,2020
Esmeraldas,591083,95,15,23,2020
Galápagos,33042,1,0,23,2020
Guayas,4387434,1468,63,23,2020
Imbabura,476257,14,0,23,2020
Loja,521154,28,7,23,2020
Los Ríos,921763,215,20,23,2020
Manabí,1562079,487,53,23,2020
Morona Santiago,196535,6,3,23,2020
Napo,133705,22,7,23,2020
Orellana,161338,7,3,23,2020
Pastaza,114202,6,1,23,2020
Pichincha,3228233,328,24,23,2020
Santa Elena,401178,286,5,23,2020
Sto. Domingo Tsáchilas,511151,83,9,23,2020
Sucumbíos,230503,8,3,23,2020
Tungurahua,590600,77,9,23,2020
Zamora Chinchipe,120416,6,1,23,2020
Azuay,881394,41,5,24,2020
Bolívar,209933,31,2,24,2020
Carchi,186869,13,1,24,2020
Cañar,281396,37,4,24,2020
Chimborazo,524004,126,9,24,2020
Cotopaxi,488716,68,7,24,2020
El Oro,715751,221,25,24,2020
Esmeraldas,591083,102,7,24,2020
Galápagos,33042,1,0,24,2020
Guayas,4387434,1493,25,24,2020
Imbabura,476257,19,5,24,2020
Loja,521154,35,7,24,2020
Los Ríos,921763,239,24,24,2020
Manabí,1562079,526,39,24,2020
Morona Santiago,196535,8,2,24,2020
Napo,133705,30,8,24,2020
Orellana,161338,8,1,24,2020
Pastaza,114202,7,1,24,2020
Pichincha,3228233,391,63,24,2020
Santa Elena,401178,305,19,24,2020
Sto. Domingo Tsáchilas,511151,95,12,24,2020
Sucumbíos,230503,10,2,24,2020
Tungurahua,590600,81,4,24,2020
Zamora Chinchipe,120416,9,3,24,2020
Azuay,881394,47,6,25,2020
Bolívar,209933,32,1,25,2020
Carchi,186869,16,3,25,2020
Cañar,281396,37,0,25,2020
Chimborazo,524004,140,14,25,2020
Cotopaxi,488716,103,35,25,2020
El Oro,715751,240,19,25,2020
Esmeraldas,591083,129,27,25,2020
Galápagos,33042,1,0,25,2020
Guayas,4387434,1542,49,25,2020
Imbabura,476257,29,10,25,2020
Loja,521154,38,3,25,2020
Los Ríos,921763,251,12,25,2020
Manabí,1562079,560,34,25,2020
Morona Santiago,196535,9,1,25,2020
Napo,133705,30,0,25,2020
Orellana,161338,15,7,25,2020
Pastaza,114202,15,8,25,2020
Pichincha,3228233,448,57,25,2020
Santa Elena,401178,318,13,25,2020
Sto. Domingo Tsáchilas,511151,109,14,25,2020
Sucumbíos,230503,14,4,25,2020
Tungurahua,590600,87,6,25,2020
Zamora Chinchipe,120416,13,4,25,2020
Azuay,881394,50,3,26,2020
Bolívar,209933,34,2,26,2020
Carchi,186869,17,1,26,2020
Cañar,281396,45,8,26,2020
Chimborazo,524004,151,11,26,2020
Cotopaxi,488716,116,13,26,2020
El Oro,715751,248,8,26,2020
Esmeraldas,591083,138,9,26,2020
Galápagos,33042,1,0,26,2020
Guayas,4387434,1575,33,26,2020
Imbabura,476257,36,7,26,2020
Loja,521154,44,6,26,2020
Los Ríos,921763,252,1,26,2020
Manabí,1562079,582,22,26,2020
Morona Santiago,196535,10,1,26,2020
Napo,133705,31,1,26,2020
Orellana,161338,18,3,26,2020
Pastaza,114202,21,6,26,2020
Pichincha,3228233,484,36,26,2020
Santa Elena,401178,325,7,26,2020
Sto. Domingo Tsáchilas,511151,117,8,26,2020
Sucumbíos,230503,17,3,26,2020
Tungurahua,590600,101,14,26,2020
Zamora Chinchipe,120416,16,3,26,2020
Azuay,881394,66,16,27,2020
Bolívar,209933,41,7,27,2020
Carchi,186869,18,1,27,2020
Cañar,281396,45,0,27,2020
Chimborazo,524004,160,9,27,2020
Cotopaxi,488716,130,14,27,2020
El Oro,715751,275,27,27,2020
Esmeraldas,591083,145,7,27,2020
Galápagos,33042,1,0,27,2020
Guayas,4387434,1624,49,27,2020
Imbabura,476257,42,6,27,2020
Loja,521154,47,3,27,2020
Los Ríos,921763,274,22,27,2020
Manabí,1562079,639,57,27,2020
Morona Santiago,196535,11,1,27,2020
Napo,133705,37,6,27,2020
Orellana,161338,20,2,27,2020
Pastaza,114202,28,7,27,2020
Pichincha,3228233,549,65,27,2020
Santa Elena,401178,326,1,27,2020
Sto. Domingo Tsáchilas,511151,150,33,27,2020
Sucumbíos,230503,21,4,27,2020
Tungurahua,590600,111,10,27,2020
Zamora Chinchipe,120416,21,5,27,2020
Azuay,881394,69,3,28,2020
Bolívar,209933,43,2,28,2020
Carchi,186869,19,1,28,2020
Cañar,281396,46,1,28,2020
Chimborazo,524004,170,10,28,2020
Cotopaxi,488716,139,9,28,2020
El Oro,715751,305,30,28,2020
Esmeraldas,591083,161,16,28,2020
Galápagos,33042,1,0,28,2020
Guayas,4387434,1637,13,28,2020
Imbabura,476257,47,5,28,2020
Loja,521154,55,8,28,2020
Los Ríos,921763,297,23,28,2020
Manabí,1562079,680,41,28,2020
Morona Santiago,196535,13,2,28,2020
Napo,133705,42,5,28,2020
Orellana,161338,27,7,28,2020
Pastaza,114202,33,5,28,2020
Pichincha,3228233,583,34,28,2020
Santa Elena,401178,327,1,28,2020
Sto. Domingo Tsáchilas,511151,169,19,28,2020
Sucumbíos,230503,25,4,28,2020
Tungurahua,590600,132,21,28,2020
Zamora Chinchipe,120416,27,6,28,2020
Azuay,881394,70,1,29,2020
Bolívar,209933,47,4,29,2020
Carchi,186869,20,1,29,2020
Cañar,281396,48,2,29,2020
Chimborazo,524004,185,15,29,2020
Cotopaxi,488716,152,13,29,2020
El Oro,715751,312,7,29,2020
Esmeraldas,591083,169,8,29,2020
Galápagos,33042,1,0,29,2020
Guayas,4387434,1643,6,29,2020
Imbabura,476257,55,8,29,2020
Loja,521154,59,4,29,2020
Los Ríos,921763,314,17,29,2020
Manabí,1562079,731,51,29,2020
Morona Santiago,196535,13,0,29,2020
Napo,133705,48,6,29,2020
Orellana,161338,30,3,29,2020
Pastaza,114202,36,3,29,2020
Pichincha,3228233,636,53,29,2020
Santa Elena,401178,328,1,29,2020
Sto. Domingo Tsáchilas,511151,206,37,29,2020
Sucumbíos,230503,25,0,29,2020
Tungurahua,590600,157,25,29,2020
Zamora Chinchipe,120416,28,1,29,2020
Azuay,881394,71,1,30,2020
Bolívar,209933,50,3,30,2020
Carchi,186869,20,0,30,2020
Cañar,281396,48,0,30,2020
Chimborazo,524004,203,18,30,2020
Cotopaxi,488716,162,10,30,2020
El Oro,715751,325,13,30,2020
Esmeraldas,591083,173,4,30,2020
Galápagos,33042,1,0,30,2020
Guayas,4387434,1651,8,30,2020
Imbabura,476257,61,6,30,2020
Loja,521154,65,6,30,2020
Los Ríos,921763,314,0,30,2020
Manabí,1562079,772,41,30,2020
Morona Santiago,196535,13,0,30,2020
Napo,133705,48,0,30,2020
Orellana,161338,32,2,30,2020
Pastaza,114202,39,3,30,2020
Pichincha,3228233,672,36,30,2020
Santa Elena,401178,329,1,30,2020
Sto. Domingo Tsáchilas,511151,225,19,30,2020
Sucumbíos,230503,39,14,30,2020
Tungurahua,590600,168,11,30,2020
Zamora Chinchipe,120416,34,6,30,2020
Azuay,881394,72,1,31,2020
Bolívar,209933,51,1,31,2020
Carchi,186869,29,9,31,2020
Cañar,281396,51,3,31,2020
Chimborazo,524004,221,18,31,2020
Cotopaxi,488716,168,6,31,2020
El Oro,715751,334,9,31,2020
Esmeraldas,591083,186,13,31,2020
Galápagos,33042,1,0,31,2020
Guayas,4387434,1657,6,31,2020
Imbabura,476257,72,11,31,2020
Loja,521154,87,22,31,2020
Los Ríos,921763,316,2,31,2020
Manabí,1562079,800,28,31,2020
Morona Santiago,196535,14,1,31,2020
Napo,133705,49,1,31,2020
Orellana,161338,34,2,31,2020
Pastaza,114202,44,5,31,2020
Pichincha,3228233,729,57,31,2020
Santa Elena,401178,331,2,31,2020
Sto. Domingo Tsáchilas,511151,249,24,31,2020
Sucumbíos,230503,50,11,31,2020
Tungurahua,590600,171,3,31,2020
Zamora Chinchipe,120416,34,0,31,2020
Azuay,881394,93,21,32,2020
Bolívar,209933,53,2,32,2020
Carchi,186869,30,1,32,2020
Cañar,281396,56,5,32,2020
Chimborazo,524004,228,7,32,2020
Cotopaxi,488716,173,5,32,2020
El Oro,715751,340,6,32,2020
Esmeraldas,591083,190,4,32,2020
Galápagos,33042,1,0,32,2020
Guayas,4387434,1664,7,32,2020
Imbabura,476257,76,4,32,2020
Loja,521154,109,22,32,2020
Los Ríos,921763,319,3,32,2020
Manabí,1562079,815,15,32,2020
Morona Santiago,196535,16,2,32,2020
Napo,133705,51,2,32,2020
Orellana,161338,34,0,32,2020
Pastaza,114202,44,0,32,2020
Pichincha,3228233,772,43,32,2020
Santa Elena,401178,331,0,32,2020
Sto. Domingo Tsáchilas,511151,260,11,32,2020
Sucumbíos,230503,57,7,32,2020
Tungurahua,590600,172,1,32,2020
Zamora Chinchipe,120416,38,4,32,2020
Azuay,881394,95,2,33,2020
Bolívar,209933,53,0,33,2020
Carchi,186869,33,3,33,2020
Cañar,281396,59,3,33,2020
Chimborazo,524004,231,3,33,2020
Cotopaxi,488716,182,9,33,2020
El Oro,715751,347,7,33,2020
Esmeraldas,591083,193,3,33,2020
Galápagos,33042,1,0,33,2020
Guayas,4387434,1666,2,33,2020
Imbabura,476257,85,9,33,2020
Loja,521154,120,11,33,2020
Los Ríos,921763,321,2,33,2020
Manabí,1562079,827,12,33,2020
Morona Santiago,196535,17,1,33,2020
Napo,133705,53,2,33,2020
Orellana,161338,34,0,33,2020
Pastaza,114202,45,1,33,2020
Pichincha,3228233,803,31,33,2020
Santa Elena,401178,334,3,33,2020
Sto. Domingo Tsáchilas,511151,288,28,33,2020
Sucumbíos,230503,68,11,33,2020
Tungurahua,590600,177,5,33,2020
Zamora Chinchipe,120416,38,0,33,2020
Azuay,881394,102,7,34,2020
Bolívar,209933,54,1,34,2020
Carchi,186869,42,9,34,2020
Cañar,281396,59,0,34,2020
Chimborazo,524004,242,11,34,2020
Cotopaxi,488716,194,12,34,2020
El Oro,715751,356,9,34,2020
Esmeraldas,591083,196,3,34,2020
Galápagos,33042,1,0,34,2020
Guayas,4387434,1670,4,34,2020
Imbabura,476257,87,2,34,2020
Loja,521154,145,25,34,2020
Los Ríos,921763,321,0,34,2020
Manabí,1562079,866,39,34,2020
Morona Santiago,196535,18,1,34,2020
Napo,133705,56,3,34,2020
Orellana,161338,37,3,34,2020
Pastaza,114202,46,1,34,2020
Pichincha,3228233,884,81,34,2020
Santa Elena,401178,339,5,34,2020
Sto. Domingo Tsáchilas,511151,296,8,34,2020
Sucumbíos,230503,71,3,34,2020
Tungurahua,590600,188,11,34,2020
Zamora Chinchipe,120416,40,2,34,2020
Azuay,881394,117,15,35,2020
Bolívar,209933,56,2,35,2020
Carchi,186869,53,11,35,2020
Cañar,281396,61,2,35,2020
Chimborazo,524004,262,20,35,2020
Cotopaxi,488716,203,9,35,2020
El Oro,715751,364,8,35,2020
Esmeraldas,591083,200,4,35,2020
Galápagos,33042,1,0,35,2020
Guayas,4387434,1681,11,35,2020
Imbabura,476257,94,7,35,2020
Loja,521154,159,14,35,2020
Los Ríos,921763,323,2,35,2020
Manabí,1562079,882,16,35,2020
Morona Santiago,196535,19,1,35,2020
Napo,133705,62,6,35,2020
Orellana,161338,38,1,35,2020
Pastaza,114202,48,2,35,2020
Pichincha,3228233,920,36,35,2020
Santa Elena,401178,352,13,35,2020
Sto. Domingo Tsáchilas,511151,324,28,35,2020
Sucumbíos,230503,77,6,35,2020
Tungurahua,590600,217,29,35,2020
Zamora Chinchipe,120416,42,2,35,2020
Azuay,881394,124,7,36,2020
Bolívar,209933,58,2,36,2020
Carchi,186869,61,8,36,2020
Cañar,281396,62,1,36,2020
Chimborazo,524004,270,8,36,2020
Cotopaxi,488716,206,3,36,2020
El Oro,715751,365,1,36,2020
Esmeraldas,591083,201,1,36,2020
Galápagos,33042,1,0,36,2020
Guayas,4387434,1691,10,36,2020
Imbabura,476257,96,2,36,2020
Loja,521154,174,15,36,2020
Los Ríos,921763,324,1,36,2020
Manabí,1562079,898,16,36,2020
Morona Santiago,196535,19,0,36,2020
Napo,133705,62,0,36,2020
Orellana,161338,38,0,36,2020
Pastaza,114202,48,0,36,2020
Pichincha,3228233,1026,106,36,2020
Santa Elena,401178,355,3,36,2020
Sto. Domingo Tsáchilas,511151,328,4,36,2020
Sucumbíos,230503,87,10,36,2020
Tungurahua,590600,233,16,36,2020
Zamora Chinchipe,120416,43,1,36,2020
Azuay,881394,137,13,37,2020
Bolívar,209933,60,2,37,2020
Carchi,186869,72,11,37,2020
Cañar,281396,62,0,37,2020
Chimborazo,524004,281,11,37,2020
Cotopaxi,488716,210,4,37,2020
El Oro,715751,382,17,37,2020
Esmeraldas,591083,203,2,37,2020
Galápagos,33042,1,0,37,2020
Guayas,4387434,1697,6,37,2020
Imbabura,476257,106,10,37,2020
Loja,521154,185,11,37,2020
Los Ríos,921763,330,6,37,2020
Manabí,1562079,908,10,37,2020
Morona Santiago,196535,19,0,37,2020
Napo,133705,64,2,37,2020
Orellana,161338,46,8,37,2020
Pastaza,114202,49,1,37,2020
Pichincha,3228233,1248,222,37,2020
Santa Elena,401178,359,4,37,2020
Sto. Domingo Tsáchilas,511151,334,6,37,2020
Sucumbíos,230503,88,1,37,2020
Tungurahua,590600,234,1,37,2020
Zamora Chinchipe,120416,44,1,37,2020
Azuay,881394,145,8,38,2020
Bolívar,209933,61,1,38,2020
Carchi,186869,82,10,38,2020
Cañar,281396,66,4,38,2020
Chimborazo,524004,290,9,38,2020
Cotopaxi,488716,217,7,38,2020
El Oro,715751,385,3,38,2020
Esmeraldas,591083,205,2,38,2020
Galápagos,33042,1,0,38,2020
Guayas,4387434,1705,8,38,2020
Imbabura,476257,108,2,38,2020
Loja,521154,188,3,38,2020
Los Ríos,921763,331,1,38,2020
Manabí,1562079,920,12,38,2020
Morona Santiago,196535,20,1,38,2020
Napo,133705,67,3,38,2020
Orellana,161338,49,3,38,2020
Pastaza,114202,50,1,38,2020
Pichincha,3228233,1328,80,38,2020
Santa Elena,401178,361,2,38,2020
Sto. Domingo Tsáchilas,511151,343,9,38,2020
Sucumbíos,230503,89,1,38,2020
Tungurahua,590600,239,5,38,2020
Zamora Chinchipe,120416,46,2,38,2020
Azuay,881394,150,5,39,2020
Bolívar,209933,63,2,39,2020
Carchi,186869,89,7,39,2020
Cañar,281396,69,3,39,2020
Chimborazo,524004,292,2,39,2020
Cotopaxi,488716,221,4,39,2020
El Oro,715751,390,5,39,2020
Esmeraldas,591083,206,1,39,2020
Galápagos,33042,1,0,39,2020
Guayas,4387434,1713,8,39,2020
Imbabura,476257,118,10,39,2020
Loja,521154,195,7,39,2020
Los Ríos,921763,337,6,39,2020
Manabí,1562079,931,11,39,2020
Morona Santiago,196535,21,1,39,2020
Napo,133705,69,2,39,2020
Orellana,161338,51,2,39,2020
Pastaza,114202,52,2,39,2020
Pichincha,3228233,1417,89,39,2020
Santa Elena,401178,365,4,39,2020
Sto. Domingo Tsáchilas,511151,345,2,39,2020
Sucumbíos,230503,90,1,39,2020
Tungurahua,590600,244,5,39,2020
Zamora Chinchipe,120416,47,1,39,2020
Azuay,881394,158,8,40,2020
Bolívar,209933,63,0,40,2020
Carchi,186869,91,2,40,2020
Cañar,281396,71,2,40,2020
Chimborazo,524004,295,3,40,2020
Cotopaxi,488716,233,12,40,2020
El Oro,715751,417,27,40,2020
Esmeraldas,591083,207,1,40,2020
Galápagos,33042,1,0,40,2020
Guayas,4387434,1718,5,40,2020
Imbabura,476257,125,7,40,2020
Loja,521154,203,8,40,2020
Los Ríos,921763,337,0,40,2020
Manabí,1562079,961,30,40,2020
Morona Santiago,196535,21,0,40,2020
Napo,133705,70,1,40,2020
Orellana,161338,52,1,40,2020
Pastaza,114202,57,5,40,2020
Pichincha,3228233,1592,175,40,2020
Santa Elena,401178,368,3,40,2020
Sto. Domingo Tsáchilas,511151,348,3,40,2020
Sucumbíos,230503,90,0,40,2020
Tungurahua,590600,263,19,40,2020
Zamora Chinchipe,120416,51,4,40,2020
Azuay,881394,163,5,41,2020
Bolívar,209933,63,0,41,2020
Carchi,186869,96,5,41,2020
Cañar,281396,72,1,41,2020
Chimborazo,524004,302,7,41,2020
Cotopaxi,488716,240,7,41,2020
El Oro,715751,420,3,41,2020
Esmeraldas,591083,207,0,41,2020
Galápagos,33042,1,0,41,2020
Guayas,4387434,1722,4,41,2020
Imbabura,476257,132,7,41,2020
Loja,521154,206,3,41,2020
Los Ríos,921763,338,1,41,2020
Manabí,1562079,979,18,41,2020
Morona Santiago,196535,22,1,41,2020
Napo,133705,73,3,41,2020
Orellana,161338,53,1,41,2020
Pastaza,114202,58,1,41,2020
Pichincha,3228233,1680,88,41,2020
Santa Elena,401178,368,0,41,2020
Sto. Domingo Tsáchilas,511151,348,0,41,2020
Sucumbíos,230503,91,1,41,2020
Tungurahua,590600,263,0,41,2020
Zamora Chinchipe,120416,52,1,41,2020
Azuay,881394,170,7,42,2020
Bolívar,209933,64,1,42,2020
Carchi,186869,98,2,42,2020
Cañar,281396,77,5,42,2020
Chimborazo,524004,303,1,42,2020
Cotopaxi,488716,271,31,42,2020
El Oro,715751,437,17,42,2020
Esmeraldas,591083,207,0,42,2020
Galápagos,33042,1,0,42,2020
Guayas,4387434,1728,6,42,2020
Imbabura,476257,159,27,42,2020
Loja,521154,210,4,42,2020
Los Ríos,921763,339,1,42,2020
Manabí,1562079,989,10,42,2020
Morona Santiago,196535,22,0,42,2020
Napo,133705,74,1,42,2020
Orellana,161338,53,0,42,2020
Pastaza,114202,59,1,42,2020
Pichincha,3228233,1710,30,42,2020
Santa Elena,401178,368,0,42,2020
Sto. Domingo Tsáchilas,511151,351,3,42,2020
Sucumbíos,230503,91,0,42,2020
Tungurahua,590600,266,3,42,2020
Zamora Chinchipe,120416,52,0,42,2020
Azuay,881394,183,13,43,2020
Bolívar,209933,65,1,43,2020
Carchi,186869,101,3,43,2020
Cañar,281396,81,4,43,2020
Chimborazo,524004,309,6,43,2020
Cotopaxi,488716,277,6,43,2020
El Oro,715751,445,8,43,2020
Esmeraldas,591083,216,9,43,2020
Galápagos,33042,1,0,43,2020
Guayas,4387434,1734,6,43,2020
Imbabura,476257,163,4,43,2020
Loja,521154,221,11,43,2020
Los Ríos,921763,341,2,43,2020
Manabí,1562079,1007,18,43,2020
Morona Santiago,196535,22,0,43,2020
Napo,133705,74,0,43,2020
Orellana,161338,53,0,43,2020
Pastaza,114202,60,1,43,2020
Pichincha,3228233,1752,42,43,2020
Santa Elena,401178,368,0,43,2020
Sto. Domingo Tsáchilas,511151,359,8,43,2020
Sucumbíos,230503,92,1,43,2020
Tungurahua,590600,271,5,43,2020
Zamora Chinchipe,120416,53,1,43,2020
Azuay,881394,195,12,44,2020
Bolívar,209933,66,1,44,2020
Carchi,186869,104,3,44,2020
Cañar,281396,83,2,44,2020
Chimborazo,524004,315,6,44,2020
Cotopaxi,488716,281,4,44,2020
El Oro,715751,466,21,44,2020
Esmeraldas,591083,216,0,44,2020
Galápagos,33042,1,0,44,2020
Guayas,4387434,1737,3,44,2020
Imbabura,476257,170,7,44,2020
Loja,521154,222,1,44,2020
Los Ríos,921763,342,1,44,2020
Manabí,1562079,1025,18,44,2020
Morona Santiago,196535,22,0,44,2020
Napo,133705,74,0,44,2020
Orellana,161338,53,0,44,2020
Pastaza,114202,60,0,44,2020
Pichincha,3228233,1789,37,44,2020
Santa Elena,401178,368,0,44,2020
Sto. Domingo Tsáchilas,511151,361,2,44,2020
Sucumbíos,230503,92,0,44,2020
Tungurahua,590600,276,5,44,2020
Zamora Chinchipe,120416,53,0,44,2020
Azuay,881394,199,4,45,2020
Bolívar,209933,66,0,45,2020
Carchi,186869,104,0,45,2020
Cañar,281396,84,1,45,2020
Chimborazo,524004,318,3,45,2020
Cotopaxi,488716,283,2,45,2020
El Oro,715751,494,28,45,2020
Esmeraldas,591083,218,2,45,2020
Galápagos,33042,1,0,45,2020
Guayas,4387434,1743,6,45,2020
Imbabura,476257,172,2,45,2020
Loja,521154,230,8,45,2020
Los Ríos,921763,343,1,45,2020
Manabí,1562079,1067,42,45,2020
Morona Santiago,196535,22,0,45,2020
Napo,133705,74,0,45,2020
Orellana,161338,53,0,45,2020
Pastaza,114202,60,0,45,2020
Pichincha,3228233,1822,33,45,2020
Santa Elena,401178,368,0,45,2020
Sto. Domingo Tsáchilas,511151,362,1,45,2020
Sucumbíos,230503,93,1,45,2020
Tungurahua,590600,278,2,45,2020
Zamora Chinchipe,120416,53,0,45,2020
Azuay,881394,199,0,46,2020
Bolívar,209933,66,0,46,2020
Carchi,186869,106,2,46,2020
Cañar,281396,85,1,46,2020
Chimborazo,524004,329,11,46,2020
Cotopaxi,488716,288,5,46,2020
El Oro,715751,502,8,46,2020
Esmeraldas,591083,221,3,46,2020
Galápagos,33042,1,0,46,2020
Guayas,4387434,1751,8,46,2020
Imbabura,476257,175,3,46,2020
Loja,521154,233,3,46,2020
Los Ríos,921763,345,2,46,2020
Manabí,1562079,1140,73,46,2020
Morona Santiago,196535,22,0,46,2020
Napo,133705,74,0,46,2020
Orellana,161338,53,0,46,2020
Pastaza,114202,60,0,46,2020
Pichincha,3228233,1857,35,46,2020
Santa Elena,401178,368,0,46,2020
Sto. Domingo Tsáchilas,511151,365,3,46,2020
Sucumbíos,230503,94,1,46,2020
Tungurahua,590600,282,4,46,2020
Zamora Chinchipe,120416,53,0,46,2020
Azuay,881394,202,3,47,2020
Bolívar,209933,67,1,47,2020
Carchi,186869,109,3,47,2020
Cañar,281396,87,2,47,2020
Chimborazo,524004,332,3,47,2020
Cotopaxi,488716,293,5,47,2020
El Oro,715751,518,16,47,2020
Esmeraldas,591083,222,1,47,2020
Galápagos,33042,1,0,47,2020
Guayas,4387434,1757,6,47,2020
Imbabura,476257,178,3,47,2020
Loja,521154,238,5,47,2020
Los Ríos,921763,348,3,47,2020
Manabí,1562079,1172,32,47,2020
Morona Santiago,196535,24,2,47,2020
Napo,133705,75,1,47,2020
Orellana,161338,53,0,47,2020
Pastaza,114202,60,0,47,2020
Pichincha,3228233,1884,27,47,2020
Santa Elena,401178,379,11,47,2020
Sto. Domingo Tsáchilas,511151,366,1,47,2020
Sucumbíos,230503,95,1,47,2020
Tungurahua,590600,291,9,47,2020
Zamora Chinchipe,120416,53,0,47,2020
Azuay,881394,210,8,48,2020
Bolívar,209933,69,2,48,2020
Carchi,186869,110,1,48,2020
Cañar,281396,89,2,48,2020
Chimborazo,524004,335,3,48,2020
Cotopaxi,488716,296,3,48,2020
El Oro,715751,548,30,48,2020
Esmeraldas,591083,222,0,48,2020
Galápagos,33042,1,0,48,2020
Guayas,4387434,1784,27,48,2020
Imbabura,476257,185,7,48,2020
Loja,521154,241,3,48,2020
Los Ríos,921763,353,5,48,2020
Manabí,1562079,1187,15,48,2020
Morona Santiago,196535,29,5,48,2020
Napo,133705,75,0,48,2020
Orellana,161338,53,0,48,2020
Pastaza,114202,60,0,48,2020
Pichincha,3228233,1949,65,48,2020
Santa Elena,401178,382,3,48,2020
Sto. Domingo Tsáchilas,511151,367,1,48,2020
Sucumbíos,230503,97,2,48,2020
Tungurahua,590600,293,2,48,2020
Zamora Chinchipe,120416,54,1,48,2020
Azuay,881394,215,5,49,2020
Bolívar,209933,71,2,49,2020
Carchi,186869,111,1,49,2020
Cañar,281396,98,9,49,2020
Chimborazo,524004,340,5,49,2020
Cotopaxi,488716,303,7,49,2020
El Oro,715751,553,5,49,2020
Esmeraldas,591083,236,14,49,2020
Galápagos,33042,3,2,49,2020
Guayas,4387434,1839,55,49,2020
Imbabura,476257,189,4,49,2020
Loja,521154,242,1,49,2020
Los Ríos,921763,359,6,49,2020
Manabí,1562079,1246,59,49,2020
Morona Santiago,196535,34,5,49,2020
Napo,133705,75,0,49,2020
Orellana,161338,53,0,49,2020
Pastaza,114202,61,1,49,2020
Pichincha,3228233,2000,51,49,2020
Santa Elena,401178,383,1,49,2020
Sto. Domingo Tsáchilas,511151,370,3,49,2020
Sucumbíos,230503,97,0,49,2020
Tungurahua,590600,336,43,49,2020
Zamora Chinchipe,120416,54,0,49,2020
Azuay,881394,219,4,50,2020
Bolívar,209933,71,0,50,2020
Carchi,186869,114,3,50,2020
Cañar,281396,99,1,50,2020
Chimborazo,524004,344,4,50,2020
Cotopaxi,488716,303,0,50,2020
El Oro,715751,553,0,50,2020
Esmeraldas,591083,237,1,50,2020
Galápagos,33042,4,1,50,2020
Guayas,4387434,1851,12,50,2020
Imbabura,476257,194,5,50,2020
Loja,521154,245,3,50,2020
Los Ríos,921763,361,2,50,2020
Manabí,1562079,1257,11,50,2020
Morona Santiago,196535,35,1,50,2020
Napo,133705,75,0,50,2020
Orellana,161338,53,0,50,2020
Pastaza,114202,61,0,50,2020
Pichincha,3228233,2015,15,50,2020
Santa Elena,401178,383,0,50,2020
Sto. Domingo Tsáchilas,511151,371,1,50,2020
Sucumbíos,230503,98,1,50,2020
Tungurahua,590600,339,3,50,2020
Zamora Chinchipe,120416,55,1,50,2020
Azuay,881394,220,1,51,2020
Bolívar,209933,71,0,51,2020
Carchi,186869,118,4,51,2020
Cañar,281396,99,0,51,2020
Chimborazo,524004,344,0,51,2020
Cotopaxi,488716,308,5,51,2020
El Oro,715751,561,8,51,2020
Esmeraldas,591083,237,0,51,2020
Galápagos,33042,4,0,51,2020
Guayas,4387434,1855,4,51,2020
Imbabura,476257,214,20,51,2020
Loja,521154,245,0,51,2020
Los Ríos,921763,361,0,51,2020
Manabí,1562079,1271,14,51,2020
Morona Santiago,196535,35,0,51,2020
Napo,133705,75,0,51,2020
Orellana,161338,53,0,51,2020
Pastaza,114202,62,1,51,2020
Pichincha,3228233,2018,3,51,2020
Santa Elena,401178,383,0,51,2020
Sto. Domingo Tsáchilas,511151,373,2,51,2020
Sucumbíos,230503,98,0,51,2020
Tungurahua,590600,340,1,51,2020
Zamora Chinchipe,120416,55,0,51,2020
Azuay,881394,222,2,52,2020
Bolívar,209933,71,0,52,2020
Carchi,186869,118,0,52,2020
Cañar,281396,102,3,52,2020
Chimborazo,524004,344,0,52,2020
Cotopaxi,488716,310,2,52,2020
El Oro,715751,564,3,52,2020
Esmeraldas,591083,239,2,52,2020
Galápagos,33042,4,0,52,2020
Guayas,4387434,1857,2,52,2020
Imbabura,476257,214,0,52,2020
Loja,521154,245,0,52,2020
Los Ríos,921763,361,0,52,2020
Manabí,1562079,1287,16,52,2020
Morona Santiago,196535,36,1,52,2020
Napo,133705,76,1,52,2020
Orellana,161338,53,0,52,2020
Pastaza,114202,63,1,52,2020
Pichincha,3228233,2023,5,52,2020
Santa Elena,401178,383,0,52,2020
Sto. Domingo Tsáchilas,511151,374,1,52,2020
Sucumbíos,230503,98,0,52,2020
Tungurahua,590600,340,0,52,2020
Zamora Chinchipe,120416,55,0,52,2020
Azuay,881394,222,0,53,2020
Bolívar,209933,72,1,53,2020
Carchi,186869,122,4,53,2020
Cañar,281396,103,1,53,2020
Chimborazo,524004,345,1,53,2020
Cotopaxi,488716,312,2,53,2020
El Oro,715751,571,7,53,2020
Esmeraldas,591083,241,2,53,2020
Galápagos,33042,5,1,53,2020
Guayas,4387434,1859,2,53,2020
Imbabura,476257,214,0,53,2020
Loja,521154,246,1,53,2020
Los Ríos,921763,361,0,53,2020
Manabí,1562079,1301,14,53,2020
Morona Santiago,196535,36,0,53,2020
Napo,133705,78,2,53,2020
Orellana,161338,53,0,53,2020
Pastaza,114202,63,0,53,2020
Pichincha,3228233,2027,4,53,2020
Santa Elena,401178,385,2,53,2020
Sto. Domingo Tsáchilas,511151,376,2,53,2020
Sucumbíos,230503,98,0,53,2020
Tungurahua,590600,341,1,53,2020
Zamora Chinchipe,120416,56,1,53,2020
