provincia,poblacion,total,nuevas,lat,lng,mes,anio
Azuay,881394,34330,4377,"-2,897414","-79,004481",1,2022
Bolívar,209933,10429,2735,"-1,605556","-79,003056",1,2022
Carchi,186869,11843,1748,"0,81218","-77,71633",1,2022
Cañar,281396,11577,4547,"-2,733333","-78,833333",1,2022
Chimborazo,524004,13921,4217,"-1,674347","-78,648294",1,2022
Cotopaxi,488716,16152,3264,"-0,933333","-78,616667",1,2022
El Oro,715751,43131,17309,"-3,266667","-79,966667",1,2022
Esmeraldas,591083,13086,2710,"1,05","-79,2",1,2022
Galápagos,33042,2733,1182,"-0,8","-89,4",1,2022
Guayas,4387434,122515,44017,"-2,183333","-79,883333",1,2022
Imbabura,476257,24163,5951,"0,362678","-78,130667",1,2022
Loja,521154,26436,7428,"-3,983333","-79,2",1,2022
Los Ríos,921763,16606,2801,"-1,8","-79,533333",1,2022
Manabí,1562079,49703,12609,"-1,056181","-80,455217",1,2022
Morona Santiago,196535,9337,1858,"-2,3","-78,116667",1,2022
Napo,133705,6191,1564,"-0,989","-77,8159",1,2022
Orellana,161338,5223,1002,"-0,466667","-76,966667",1,2022
Pastaza,114202,4533,601,"-1,066667","-78,001111",1,2022
Pichincha,3228233,253393,50787,"-0,218611","-78,509722",1,2022
Santa Elena,401178,6131,1422,"-2,2267","-80,8583",1,2022
Sto. Domingo Tsáchilas,511151,15300,2074,"-0,254167","-79,171944",1,2022
Sucumbíos,230503,8269,1441,"0,084722","-76,882778",1,2022
Tungurahua,590600,22495,5713,"-1,241667","-78,619722",1,2022
Zamora Chinchipe,120416,4541,1263,"-4,12","-78,8",1,2022
Azuay,881394,39996,5666,"-2,897414","-79,004481",2,2022
Bolívar,209933,11377,948,"-1,605556","-79,003056",2,2022
Carchi,186869,12852,1009,"0,81218","-77,71633",2,2022
Cañar,281396,13791,2214,"-2,733333","-78,833333",2,2022
Chimborazo,524004,15458,1537,"-1,674347","-78,648294",2,2022
Cotopaxi,488716,17644,1492,"-0,933333","-78,616667",2,2022
El Oro,715751,48693,5562,"-3,266667","-79,966667",2,2022
Esmeraldas,591083,13858,772,"1,05","-79,2",2,2022
Galápagos,33042,3012,279,"-0,8","-89,4",2,2022
Guayas,4387434,132317,9802,"-2,183333","-79,883333",2,2022
Imbabura,476257,27701,3538,"0,362678","-78,130667",2,2022
Loja,521154,32464,6028,"-3,983333","-79,2",2,2022
Los Ríos,921763,17166,560,"-1,8","-79,533333",2,2022
Manabí,1562079,54363,4660,"-1,056181","-80,455217",2,2022
Morona Santiago,196535,10365,1028,"-2,3","-78,116667",2,2022
Napo,133705,6695,504,"-0,989","-77,8159",2,2022
Orellana,161338,5752,529,"-0,466667","-76,966667",2,2022
Pastaza,114202,5211,678,"-1,066667","-78,001111",2,2022
Pichincha,3228233,301039,47646,"-0,218611","-78,509722",2,2022
Santa Elena,401178,6448,317,"-2,2267","-80,8583",2,2022
Sto. Domingo Tsáchilas,511151,16635,1335,"-0,254167","-79,171944",2,2022
Sucumbíos,230503,8684,415,"0,084722","-76,882778",2,2022
Tungurahua,590600,26206,3711,"-1,241667","-78,619722",2,2022
Zamora Chinchipe,120416,5068,527,"-4,12","-78,8",2,2022
Azuay,881394,41747,1751,"-2,897414","-79,004481",3,2022
Bolívar,209933,11636,259,"-1,605556","-79,003056",3,2022
Carchi,186869,13128,276,"0,81218","-77,71633",3,2022
Cañar,281396,14355,564,"-2,733333","-78,833333",3,2022
Chimborazo,524004,15881,423,"-1,674347","-78,648294",3,2022
Cotopaxi,488716,17917,273,"-0,933333","-78,616667",3,2022
El Oro,715751,49143,450,"-3,266667","-79,966667",3,2022
Esmeraldas,591083,13989,131,"1,05","-79,2",3,2022
Galápagos,33042,3071,59,"-0,8","-89,4",3,2022
Guayas,4387434,134346,2029,"-2,183333","-79,883333",3,2022
Imbabura,476257,29238,1537,"0,362678","-78,130667",3,2022
Loja,521154,33328,864,"-3,983333","-79,2",3,2022
Los Ríos,921763,17245,79,"-1,8","-79,533333",3,2022
Manabí,1562079,54898,535,"-1,056181","-80,455217",3,2022
Morona Santiago,196535,10454,89,"-2,3","-78,116667",3,2022
Napo,133705,6762,67,"-0,989","-77,8159",3,2022
Orellana,161338,5798,46,"-0,466667","-76,966667",3,2022
Pastaza,114202,5297,86,"-1,066667","-78,001111",3,2022
Pichincha,3228233,319087,18048,"-0,218611","-78,509722",3,2022
Santa Elena,401178,6506,58,"-2,2267","-80,8583",3,2022
Sto. Domingo Tsáchilas,511151,16722,87,"-0,254167","-79,171944",3,2022
Sucumbíos,230503,8767,83,"0,084722","-76,882778",3,2022
Tungurahua,590600,26739,533,"-1,241667","-78,619722",3,2022
Zamora Chinchipe,120416,5197,129,"-4,12","-78,8",3,2022
Azuay,881394,42764,1017,"-2,897414","-79,004481",4,2022
Bolívar,209933,11679,43,"-1,605556","-79,003056",4,2022
Carchi,186869,13180,52,"0,81218","-77,71633",4,2022
Cañar,281396,14535,180,"-2,733333","-78,833333",4,2022
Chimborazo,524004,15999,118,"-1,674347","-78,648294",4,2022
Cotopaxi,488716,18029,112,"-0,933333","-78,616667",4,2022
El Oro,715751,49275,132,"-3,266667","-79,966667",4,2022
Esmeraldas,591083,14013,24,"1,05","-79,2",4,2022
Galápagos,33042,3108,37,"-0,8","-89,4",4,2022
Guayas,4387434,135077,731,"-2,183333","-79,883333",4,2022
Imbabura,476257,29557,319,"0,362678","-78,130667",4,2022
Loja,521154,33530,202,"-3,983333","-79,2",4,2022
Los Ríos,921763,17302,57,"-1,8","-79,533333",4,2022
Manabí,1562079,55134,236,"-1,056181","-80,455217",4,2022
Morona Santiago,196535,10507,53,"-2,3","-78,116667",4,2022
Napo,133705,6784,22,"-0,989","-77,8159",4,2022
Orellana,161338,5855,57,"-0,466667","-76,966667",4,2022
Pastaza,114202,5307,10,"-1,066667","-78,001111",4,2022
Pichincha,3228233,323821,4734,"-0,218611","-78,509722",4,2022
Santa Elena,401178,6524,18,"-2,2267","-80,8583",4,2022
Sto. Domingo Tsáchilas,511151,16772,50,"-0,254167","-79,171944",4,2022
Sucumbíos,230503,8788,21,"0,084722","-76,882778",4,2022
Tungurahua,590600,26921,182,"-1,241667","-78,619722",4,2022
Zamora Chinchipe,120416,5235,38,"-4,12","-78,8",4,2022
Azuay,881394,43464,700,"-2,897414","-79,004481",5,2022
Bolívar,209933,11730,51,"-1,605556","-79,003056",5,2022
Carchi,186869,13221,41,"0,81218","-77,71633",5,2022
Cañar,281396,14658,123,"-2,733333","-78,833333",5,2022
Chimborazo,524004,16076,77,"-1,674347","-78,648294",5,2022
Cotopaxi,488716,18114,85,"-0,933333","-78,616667",5,2022
El Oro,715751,49334,59,"-3,266667","-79,966667",5,2022
Esmeraldas,591083,14034,21,"1,05","-79,2",5,2022
Galápagos,33042,3116,8,"-0,8","-89,4",5,2022
Guayas,4387434,136418,1341,"-2,183333","-79,883333",5,2022
Imbabura,476257,29649,92,"0,362678","-78,130667",5,2022
Loja,521154,33689,159,"-3,983333","-79,2",5,2022
Los Ríos,921763,17332,30,"-1,8","-79,533333",5,2022
Manabí,1562079,55266,132,"-1,056181","-80,455217",5,2022
Morona Santiago,196535,10524,17,"-2,3","-78,116667",5,2022
Napo,133705,6796,12,"-0,989","-77,8159",5,2022
Orellana,161338,6043,188,"-0,466667","-76,966667",5,2022
Pastaza,114202,5314,7,"-1,066667","-78,001111",5,2022
Pichincha,3228233,328834,5013,"-0,218611","-78,509722",5,2022
Santa Elena,401178,6548,24,"-2,2267","-80,8583",5,2022
Sto. Domingo Tsáchilas,511151,16789,17,"-0,254167","-79,171944",5,2022
Sucumbíos,230503,8806,18,"0,084722","-76,882778",5,2022
Tungurahua,590600,27180,259,"-1,241667","-78,619722",5,2022
Zamora Chinchipe,120416,5261,26,"-4,12","-78,8",5,2022
Azuay,881394,46113,2649,"-2,897414","-79,004481",6,2022
Bolívar,209933,12035,305,"-1,605556","-79,003056",6,2022
Carchi,186869,13366,145,"0,81218","-77,71633",6,2022
Cañar,281396,15633,975,"-2,733333","-78,833333",6,2022
Chimborazo,524004,16379,303,"-1,674347","-78,648294",6,2022
Cotopaxi,488716,18526,412,"-0,933333","-78,616667",6,2022
El Oro,715751,50036,702,"-3,266667","-79,966667",6,2022
Esmeraldas,591083,14750,716,"1,05","-79,2",6,2022
Galápagos,33042,3185,69,"-0,8","-89,4",6,2022
Guayas,4387434,140842,4424,"-2,183333","-79,883333",6,2022
Imbabura,476257,30127,478,"0,362678","-78,130667",6,2022
Loja,521154,35389,1700,"-3,983333","-79,2",6,2022
Los Ríos,921763,17478,146,"-1,8","-79,533333",6,2022
Manabí,1562079,56241,975,"-1,056181","-80,455217",6,2022
Morona Santiago,196535,10698,174,"-2,3","-78,116667",6,2022
Napo,133705,6856,60,"-0,989","-77,8159",6,2022
Orellana,161338,6109,66,"-0,466667","-76,966667",6,2022
Pastaza,114202,5415,101,"-1,066667","-78,001111",6,2022
Pichincha,3228233,345560,16726,"-0,218611","-78,509722",6,2022
Santa Elena,401178,6649,101,"-2,2267","-80,8583",6,2022
Sto. Domingo Tsáchilas,511151,16920,131,"-0,254167","-79,171944",6,2022
Sucumbíos,230503,8879,73,"0,084722","-76,882778",6,2022
Tungurahua,590600,28651,1471,"-1,241667","-78,619722",6,2022
Zamora Chinchipe,120416,5345,84,"-4,12","-78,8",6,2022
Azuay,881394,49066,2953,"-2,897414","-79,004481",7,2022
Bolívar,209933,13787,1752,"-1,605556","-79,003056",7,2022
Carchi,186869,14019,653,"0,81218","-77,71633",7,2022
Cañar,281396,16864,1231,"-2,733333","-78,833333",7,2022
Chimborazo,524004,17458,1079,"-1,674347","-78,648294",7,2022
Cotopaxi,488716,20325,1799,"-0,933333","-78,616667",7,2022
El Oro,715751,52500,2464,"-3,266667","-79,966667",7,2022
Esmeraldas,591083,15702,952,"1,05","-79,2",7,2022
Galápagos,33042,3376,191,"-0,8","-89,4",7,2022
Guayas,4387434,151042,10200,"-2,183333","-79,883333",7,2022
Imbabura,476257,31944,1817,"0,362678","-78,130667",7,2022
Loja,521154,37993,2604,"-3,983333","-79,2",7,2022
Los Ríos,921763,18367,889,"-1,8","-79,533333",7,2022
Manabí,1562079,62865,6624,"-1,056181","-80,455217",7,2022
Morona Santiago,196535,11424,726,"-2,3","-78,116667",7,2022
Napo,133705,7308,452,"-0,989","-77,8159",7,2022
Orellana,161338,6638,529,"-0,466667","-76,966667",7,2022
Pastaza,114202,5670,255,"-1,066667","-78,001111",7,2022
Pichincha,3228233,365319,19759,"-0,218611","-78,509722",7,2022
Santa Elena,401178,6846,197,"-2,2267","-80,8583",7,2022
Sto. Domingo Tsáchilas,511151,18105,1185,"-0,254167","-79,171944",7,2022
Sucumbíos,230503,9856,977,"0,084722","-76,882778",7,2022
Tungurahua,590600,30770,2119,"-1,241667","-78,619722",7,2022
Zamora Chinchipe,120416,5588,243,"-4,12","-78,8",7,2022
Azuay,881394,50585,1519,"-2,897414","-79,004481",8,2022
Bolívar,209933,14434,647,"-1,605556","-79,003056",8,2022
Carchi,186869,14594,575,"0,81218","-77,71633",8,2022
Cañar,281396,17568,704,"-2,733333","-78,833333",8,2022
Chimborazo,524004,18063,605,"-1,674347","-78,648294",8,2022
Cotopaxi,488716,21111,786,"-0,933333","-78,616667",8,2022
El Oro,715751,53877,1377,"-3,266667","-79,966667",8,2022
Esmeraldas,591083,16257,555,"1,05","-79,2",8,2022
Galápagos,33042,3538,162,"-0,8","-89,4",8,2022
Guayas,4387434,152803,1761,"-2,183333","-79,883333",8,2022
Imbabura,476257,33037,1093,"0,362678","-78,130667",8,2022
Loja,521154,38983,990,"-3,983333","-79,2",8,2022
Los Ríos,921763,18809,442,"-1,8","-79,533333",8,2022
Manabí,1562079,65580,2715,"-1,056181","-80,455217",8,2022
Morona Santiago,196535,12235,811,"-2,3","-78,116667",8,2022
Napo,133705,7758,450,"-0,989","-77,8159",8,2022
Orellana,161338,6824,186,"-0,466667","-76,966667",8,2022
Pastaza,114202,5783,113,"-1,066667","-78,001111",8,2022
Pichincha,3228233,371026,5707,"-0,218611","-78,509722",8,2022
Santa Elena,401178,7294,448,"-2,2267","-80,8583",8,2022
Sto. Domingo Tsáchilas,511151,18408,303,"-0,254167","-79,171944",8,2022
Sucumbíos,230503,10357,501,"0,084722","-76,882778",8,2022
Tungurahua,590600,31674,904,"-1,241667","-78,619722",8,2022
Zamora Chinchipe,120416,5787,199,"-4,12","-78,8",8,2022
Azuay,881394,50865,280,"-2,897414","-79,004481",9,2022
Bolívar,209933,14547,113,"-1,605556","-79,003056",9,2022
Carchi,186869,14618,24,"0,81218","-77,71633",9,2022
Cañar,281396,17634,66,"-2,733333","-78,833333",9,2022
Chimborazo,524004,18124,61,"-1,674347","-78,648294",9,2022
Cotopaxi,488716,21185,74,"-0,933333","-78,616667",9,2022
El Oro,715751,54105,228,"-3,266667","-79,966667",9,2022
Esmeraldas,591083,16276,19,"1,05","-79,2",9,2022
Galápagos,33042,3570,32,"-0,8","-89,4",9,2022
Guayas,4387434,152960,157,"-2,183333","-79,883333",9,2022
Imbabura,476257,33153,116,"0,362678","-78,130667",9,2022
Loja,521154,39257,274,"-3,983333","-79,2",9,2022
Los Ríos,921763,18880,71,"-1,8","-79,533333",9,2022
Manabí,1562079,65777,197,"-1,056181","-80,455217",9,2022
Morona Santiago,196535,12354,119,"-2,3","-78,116667",9,2022
Napo,133705,7794,36,"-0,989","-77,8159",9,2022
Orellana,161338,6841,17,"-0,466667","-76,966667",9,2022
Pastaza,114202,5789,6,"-1,066667","-78,001111",9,2022
Pichincha,3228233,372383,1357,"-0,218611","-78,509722",9,2022
Santa Elena,401178,7325,31,"-2,2267","-80,8583",9,2022
Sto. Domingo Tsáchilas,511151,18496,88,"-0,254167","-79,171944",9,2022
Sucumbíos,230503,10363,6,"0,084722","-76,882778",9,2022
Tungurahua,590600,31723,49,"-1,241667","-78,619722",9,2022
Zamora Chinchipe,120416,5818,31,"-4,12","-78,8",9,2022
Azuay,881394,15998,2441,"-2,897414","-79,004481",1,2021
Bolívar,209933,3045,518,"-1,605556","-79,003056",1,2021
Carchi,186869,5074,1445,"0,81218","-77,71633",1,2021
Cañar,281396,3502,698,"-2,733333","-78,833333",1,2021
Chimborazo,524004,4293,1040,"-1,674347","-78,648294",1,2021
Cotopaxi,488716,7162,1507,"-0,933333","-78,616667",1,2021
El Oro,715751,10497,2174,"-3,266667","-79,966667",1,2021
Esmeraldas,591083,5453,409,"1,05","-79,2",1,2021
Galápagos,33042,1247,329,"-0,8","-89,4",1,2021
Guayas,4387434,31840,4523,"-2,183333","-79,883333",1,2021
Imbabura,476257,7523,1460,"0,362678","-78,130667",1,2021
Loja,521154,9064,1472,"-3,983333","-79,2",1,2021
Los Ríos,921763,6057,1158,"-1,8","-79,533333",1,2021
Manabí,1562079,17591,2631,"-1,056181","-80,455217",1,2021
Morona Santiago,196535,4198,557,"-2,3","-78,116667",1,2021
Napo,133705,1953,285,"-0,989","-77,8159",1,2021
Orellana,161338,2198,88,"-0,466667","-76,966667",1,2021
Pastaza,114202,2520,109,"-1,066667","-78,001111",1,2021
Pichincha,3228233,87656,12191,"-0,218611","-78,509722",1,2021
Santa Elena,401178,3045,414,"-2,2267","-80,8583",1,2021
Sto. Domingo Tsáchilas,511151,6783,869,"-0,254167","-79,171944",1,2021
Sucumbíos,230503,3241,232,"0,084722","-76,882778",1,2021
Tungurahua,590600,9094,1641,"-1,241667","-78,619722",1,2021
Zamora Chinchipe,120416,1794,125,"-4,12","-78,8",1,2021
Azuay,881394,17367,1369,"-2,897414","-79,004481",2,2021
Bolívar,209933,3841,796,"-1,605556","-79,003056",2,2021
Carchi,186869,5714,640,"0,81218","-77,71633",2,2021
Cañar,281396,3911,409,"-2,733333","-78,833333",2,2021
Chimborazo,524004,4997,704,"-1,674347","-78,648294",2,2021
Cotopaxi,488716,8127,965,"-0,933333","-78,616667",2,2021
El Oro,715751,12625,2128,"-3,266667","-79,966667",2,2021
Esmeraldas,591083,6077,624,"1,05","-79,2",2,2021
Galápagos,33042,1309,62,"-0,8","-89,4",2,2021
Guayas,4387434,36351,4511,"-2,183333","-79,883333",2,2021
Imbabura,476257,8618,1095,"0,362678","-78,130667",2,2021
Loja,521154,10345,1281,"-3,983333","-79,2",2,2021
Los Ríos,921763,7577,1520,"-1,8","-79,533333",2,2021
Manabí,1562079,20529,2938,"-1,056181","-80,455217",2,2021
Morona Santiago,196535,4384,186,"-2,3","-78,116667",2,2021
Napo,133705,2186,233,"-0,989","-77,8159",2,2021
Orellana,161338,2323,125,"-0,466667","-76,966667",2,2021
Pastaza,114202,2635,115,"-1,066667","-78,001111",2,2021
Pichincha,3228233,100480,12824,"-0,218611","-78,509722",2,2021
Santa Elena,401178,3365,320,"-2,2267","-80,8583",2,2021
Sto. Domingo Tsáchilas,511151,7818,1035,"-0,254167","-79,171944",2,2021
Sucumbíos,230503,3427,186,"0,084722","-76,882778",2,2021
Tungurahua,590600,10216,1122,"-1,241667","-78,619722",2,2021
Zamora Chinchipe,120416,1933,139,"-4,12","-78,8",2,2021
Azuay,881394,18879,1512,"-2,897414","-79,004481",3,2021
Bolívar,209933,4980,1139,"-1,605556","-79,003056",3,2021
Carchi,186869,6117,403,"0,81218","-77,71633",3,2021
Cañar,281396,4472,561,"-2,733333","-78,833333",3,2021
Chimborazo,524004,5920,923,"-1,674347","-78,648294",3,2021
Cotopaxi,488716,9009,882,"-0,933333","-78,616667",3,2021
El Oro,715751,14986,2361,"-3,266667","-79,966667",3,2021
Esmeraldas,591083,7020,943,"1,05","-79,2",3,2021
Galápagos,33042,1346,37,"-0,8","-89,4",3,2021
Guayas,4387434,42514,6163,"-2,183333","-79,883333",3,2021
Imbabura,476257,9608,990,"0,362678","-78,130667",3,2021
Loja,521154,12475,2130,"-3,983333","-79,2",3,2021
Los Ríos,921763,9286,1709,"-1,8","-79,533333",3,2021
Manabí,1562079,25118,4589,"-1,056181","-80,455217",3,2021
Morona Santiago,196535,4654,270,"-2,3","-78,116667",3,2021
Napo,133705,2431,245,"-0,989","-77,8159",3,2021
Orellana,161338,2506,183,"-0,466667","-76,966667",3,2021
Pastaza,114202,2740,105,"-1,066667","-78,001111",3,2021
Pichincha,3228233,114664,14184,"-0,218611","-78,509722",3,2021
Santa Elena,401178,3683,318,"-2,2267","-80,8583",3,2021
Sto. Domingo Tsáchilas,511151,9241,1423,"-0,254167","-79,171944",3,2021
Sucumbíos,230503,3892,465,"0,084722","-76,882778",3,2021
Tungurahua,590600,11020,804,"-1,241667","-78,619722",3,2021
Zamora Chinchipe,120416,2194,261,"-4,12","-78,8",3,2021
Azuay,881394,21093,2214,"-2,897414","-79,004481",4,2021
Bolívar,209933,5912,932,"-1,605556","-79,003056",4,2021
Carchi,186869,6896,779,"0,81218","-77,71633",4,2021
Cañar,281396,5159,687,"-2,733333","-78,833333",4,2021
Chimborazo,524004,6951,1031,"-1,674347","-78,648294",4,2021
Cotopaxi,488716,10241,1232,"-0,933333","-78,616667",4,2021
El Oro,715751,18120,3134,"-3,266667","-79,966667",4,2021
Esmeraldas,591083,7792,772,"1,05","-79,2",4,2021
Galápagos,33042,1387,41,"-0,8","-89,4",4,2021
Guayas,4387434,49991,7477,"-2,183333","-79,883333",4,2021
Imbabura,476257,11602,1994,"0,362678","-78,130667",4,2021
Loja,521154,14838,2363,"-3,983333","-79,2",4,2021
Los Ríos,921763,11070,1784,"-1,8","-79,533333",4,2021
Manabí,1562079,28739,3621,"-1,056181","-80,455217",4,2021
Morona Santiago,196535,5294,640,"-2,3","-78,116667",4,2021
Napo,133705,2773,342,"-0,989","-77,8159",4,2021
Orellana,161338,2895,389,"-0,466667","-76,966667",4,2021
Pastaza,114202,2967,227,"-1,066667","-78,001111",4,2021
Pichincha,3228233,134446,19782,"-0,218611","-78,509722",4,2021
Santa Elena,401178,4088,405,"-2,2267","-80,8583",4,2021
Sto. Domingo Tsáchilas,511151,10274,1033,"-0,254167","-79,171944",4,2021
Sucumbíos,230503,4665,773,"0,084722","-76,882778",4,2021
Tungurahua,590600,12044,1024,"-1,241667","-78,619722",4,2021
Zamora Chinchipe,120416,2625,431,"-4,12","-78,8",4,2021
Azuay,881394,23088,1995,"-2,897414","-79,004481",5,2021
Bolívar,209933,6477,565,"-1,605556","-79,003056",5,2021
Carchi,186869,7933,1037,"0,81218","-77,71633",5,2021
Cañar,281396,5601,442,"-2,733333","-78,833333",5,2021
Chimborazo,524004,7843,892,"-1,674347","-78,648294",5,2021
Cotopaxi,488716,11086,845,"-0,933333","-78,616667",5,2021
El Oro,715751,20533,2413,"-3,266667","-79,966667",5,2021
Esmeraldas,591083,8311,519,"1,05","-79,2",5,2021
Galápagos,33042,1441,54,"-0,8","-89,4",5,2021
Guayas,4387434,57335,7344,"-2,183333","-79,883333",5,2021
Imbabura,476257,13776,2174,"0,362678","-78,130667",5,2021
Loja,521154,16151,1313,"-3,983333","-79,2",5,2021
Los Ríos,921763,12200,1130,"-1,8","-79,533333",5,2021
Manabí,1562079,30770,2031,"-1,056181","-80,455217",5,2021
Morona Santiago,196535,5688,394,"-2,3","-78,116667",5,2021
Napo,133705,3201,428,"-0,989","-77,8159",5,2021
Orellana,161338,3210,315,"-0,466667","-76,966667",5,2021
Pastaza,114202,3165,198,"-1,066667","-78,001111",5,2021
Pichincha,3228233,151432,16986,"-0,218611","-78,509722",5,2021
Santa Elena,401178,4313,225,"-2,2267","-80,8583",5,2021
Sto. Domingo Tsáchilas,511151,11187,913,"-0,254167","-79,171944",5,2021
Sucumbíos,230503,5169,504,"0,084722","-76,882778",5,2021
Tungurahua,590600,13345,1301,"-1,241667","-78,619722",5,2021
Zamora Chinchipe,120416,2782,157,"-4,12","-78,8",5,2021
Azuay,881394,24952,1864,"-2,897414","-79,004481",6,2021
Bolívar,209933,6717,240,"-1,605556","-79,003056",6,2021
Carchi,186869,8542,609,"0,81218","-77,71633",6,2021
Cañar,281396,5950,349,"-2,733333","-78,833333",6,2021
Chimborazo,524004,8474,631,"-1,674347","-78,648294",6,2021
Cotopaxi,488716,11490,404,"-0,933333","-78,616667",6,2021
El Oro,715751,21594,1061,"-3,266667","-79,966667",6,2021
Esmeraldas,591083,8792,481,"1,05","-79,2",6,2021
Galápagos,33042,1466,25,"-0,8","-89,4",6,2021
Guayas,4387434,65059,7724,"-2,183333","-79,883333",6,2021
Imbabura,476257,15018,1242,"0,362678","-78,130667",6,2021
Loja,521154,17045,894,"-3,983333","-79,2",6,2021
Los Ríos,921763,12636,436,"-1,8","-79,533333",6,2021
Manabí,1562079,32072,1302,"-1,056181","-80,455217",6,2021
Morona Santiago,196535,6027,339,"-2,3","-78,116667",6,2021
Napo,133705,3512,311,"-0,989","-77,8159",6,2021
Orellana,161338,3449,239,"-0,466667","-76,966667",6,2021
Pastaza,114202,3290,125,"-1,066667","-78,001111",6,2021
Pichincha,3228233,163840,12408,"-0,218611","-78,509722",6,2021
Santa Elena,401178,4406,93,"-2,2267","-80,8583",6,2021
Sto. Domingo Tsáchilas,511151,11556,369,"-0,254167","-79,171944",6,2021
Sucumbíos,230503,5411,242,"0,084722","-76,882778",6,2021
Tungurahua,590600,14293,948,"-1,241667","-78,619722",6,2021
Zamora Chinchipe,120416,2913,131,"-4,12","-78,8",6,2021
Azuay,881394,26582,1630,"-2,897414","-79,004481",7,2021
Bolívar,209933,6861,144,"-1,605556","-79,003056",7,2021
Carchi,186869,9370,828,"0,81218","-77,71633",7,2021
Cañar,281396,6292,342,"-2,733333","-78,833333",7,2021
Chimborazo,524004,8887,413,"-1,674347","-78,648294",7,2021
Cotopaxi,488716,11842,352,"-0,933333","-78,616667",7,2021
El Oro,715751,22636,1042,"-3,266667","-79,966667",7,2021
Esmeraldas,591083,9380,588,"1,05","-79,2",7,2021
Galápagos,33042,1473,7,"-0,8","-89,4",7,2021
Guayas,4387434,67551,2492,"-2,183333","-79,883333",7,2021
Imbabura,476257,16188,1170,"0,362678","-78,130667",7,2021
Loja,521154,17658,613,"-3,983333","-79,2",7,2021
Los Ríos,921763,12877,241,"-1,8","-79,533333",7,2021
Manabí,1562079,32709,637,"-1,056181","-80,455217",7,2021
Morona Santiago,196535,6508,481,"-2,3","-78,116667",7,2021
Napo,133705,3787,275,"-0,989","-77,8159",7,2021
Orellana,161338,3586,137,"-0,466667","-76,966667",7,2021
Pastaza,114202,3493,203,"-1,066667","-78,001111",7,2021
Pichincha,3228233,175918,12078,"-0,218611","-78,509722",7,2021
Santa Elena,401178,4448,42,"-2,2267","-80,8583",7,2021
Sto. Domingo Tsáchilas,511151,11916,360,"-0,254167","-79,171944",7,2021
Sucumbíos,230503,5688,277,"0,084722","-76,882778",7,2021
Tungurahua,590600,15106,813,"-1,241667","-78,619722",7,2021
Zamora Chinchipe,120416,2977,64,"-4,12","-78,8",7,2021
Azuay,881394,27885,1303,"-2,897414","-79,004481",8,2021
Bolívar,209933,6998,137,"-1,605556","-79,003056",8,2021
Carchi,186869,9775,405,"0,81218","-77,71633",8,2021
Cañar,281396,6462,170,"-2,733333","-78,833333",8,2021
Chimborazo,524004,9127,240,"-1,674347","-78,648294",8,2021
Cotopaxi,488716,12035,193,"-0,933333","-78,616667",8,2021
El Oro,715751,23507,871,"-3,266667","-79,966667",8,2021
Esmeraldas,591083,9702,322,"1,05","-79,2",8,2021
Galápagos,33042,1484,11,"-0,8","-89,4",8,2021
Guayas,4387434,69723,2172,"-2,183333","-79,883333",8,2021
Imbabura,476257,17162,974,"0,362678","-78,130667",8,2021
Loja,521154,18064,406,"-3,983333","-79,2",8,2021
Los Ríos,921763,13049,172,"-1,8","-79,533333",8,2021
Manabí,1562079,33268,559,"-1,056181","-80,455217",8,2021
Morona Santiago,196535,6774,266,"-2,3","-78,116667",8,2021
Napo,133705,3895,108,"-0,989","-77,8159",8,2021
Orellana,161338,3648,62,"-0,466667","-76,966667",8,2021
Pastaza,114202,3597,104,"-1,066667","-78,001111",8,2021
Pichincha,3228233,184487,8569,"-0,218611","-78,509722",8,2021
Santa Elena,401178,4502,54,"-2,2267","-80,8583",8,2021
Sto. Domingo Tsáchilas,511151,12105,189,"-0,254167","-79,171944",8,2021
Sucumbíos,230503,5924,236,"0,084722","-76,882778",8,2021
Tungurahua,590600,15548,442,"-1,241667","-78,619722",8,2021
Zamora Chinchipe,120416,3022,45,"-4,12","-78,8",8,2021
Azuay,881394,28508,623,"-2,897414","-79,004481",9,2021
Bolívar,209933,7059,61,"-1,605556","-79,003056",9,2021
Carchi,186869,9850,75,"0,81218","-77,71633",9,2021
Cañar,281396,6568,106,"-2,733333","-78,833333",9,2021
Chimborazo,524004,9178,51,"-1,674347","-78,648294",9,2021
Cotopaxi,488716,12130,95,"-0,933333","-78,616667",9,2021
El Oro,715751,23728,221,"-3,266667","-79,966667",9,2021
Esmeraldas,591083,9854,152,"1,05","-79,2",9,2021
Galápagos,33042,1492,8,"-0,8","-89,4",9,2021
Guayas,4387434,70863,1140,"-2,183333","-79,883333",9,2021
Imbabura,476257,17405,243,"0,362678","-78,130667",9,2021
Loja,521154,18236,172,"-3,983333","-79,2",9,2021
Los Ríos,921763,13126,77,"-1,8","-79,533333",9,2021
Manabí,1562079,33583,315,"-1,056181","-80,455217",9,2021
Morona Santiago,196535,6830,56,"-2,3","-78,116667",9,2021
Napo,133705,3962,67,"-0,989","-77,8159",9,2021
Orellana,161338,3691,43,"-0,466667","-76,966667",9,2021
Pastaza,114202,3638,41,"-1,066667","-78,001111",9,2021
Pichincha,3228233,188820,4333,"-0,218611","-78,509722",9,2021
Santa Elena,401178,4541,39,"-2,2267","-80,8583",9,2021
Sto. Domingo Tsáchilas,511151,12248,143,"-0,254167","-79,171944",9,2021
Sucumbíos,230503,6010,86,"0,084722","-76,882778",9,2021
Tungurahua,590600,15823,275,"-1,241667","-78,619722",9,2021
Zamora Chinchipe,120416,3034,12,"-4,12","-78,8",9,2021
Azuay,881394,28937,429,"-2,897414","-79,004481",10,2021
Bolívar,209933,7161,102,"-1,605556","-79,003056",10,2021
Carchi,186869,9931,81,"0,81218","-77,71633",10,2021
Cañar,281396,6640,72,"-2,733333","-78,833333",10,2021
Chimborazo,524004,9242,64,"-1,674347","-78,648294",10,2021
Cotopaxi,488716,12207,77,"-0,933333","-78,616667",10,2021
El Oro,715751,23912,184,"-3,266667","-79,966667",10,2021
Esmeraldas,591083,9902,48,"1,05","-79,2",10,2021
Galápagos,33042,1501,9,"-0,8","-89,4",10,2021
Guayas,4387434,71613,750,"-2,183333","-79,883333",10,2021
Imbabura,476257,17650,245,"0,362678","-78,130667",10,2021
Loja,521154,18310,74,"-3,983333","-79,2",10,2021
Los Ríos,921763,13187,61,"-1,8","-79,533333",10,2021
Manabí,1562079,33942,359,"-1,056181","-80,455217",10,2021
Morona Santiago,196535,6928,98,"-2,3","-78,116667",10,2021
Napo,133705,4094,132,"-0,989","-77,8159",10,2021
Orellana,161338,3818,127,"-0,466667","-76,966667",10,2021
Pastaza,114202,3674,36,"-1,066667","-78,001111",10,2021
Pichincha,3228233,192522,3702,"-0,218611","-78,509722",10,2021
Santa Elena,401178,4575,34,"-2,2267","-80,8583",10,2021
Sto. Domingo Tsáchilas,511151,12366,118,"-0,254167","-79,171944",10,2021
Sucumbíos,230503,6117,107,"0,084722","-76,882778",10,2021
Tungurahua,590600,15969,146,"-1,241667","-78,619722",10,2021
Zamora Chinchipe,120416,3064,30,"-4,12","-78,8",10,2021
Azuay,881394,29351,414,"-2,897414","-79,004481",11,2021
Bolívar,209933,7371,210,"-1,605556","-79,003056",11,2021
Carchi,186869,10027,96,"0,81218","-77,71633",11,2021
Cañar,281396,6708,68,"-2,733333","-78,833333",11,2021
Chimborazo,524004,9427,185,"-1,674347","-78,648294",11,2021
Cotopaxi,488716,12346,139,"-0,933333","-78,616667",11,2021
El Oro,715751,24474,562,"-3,266667","-79,966667",11,2021
Esmeraldas,591083,10052,150,"1,05","-79,2",11,2021
Galápagos,33042,1512,11,"-0,8","-89,4",11,2021
Guayas,4387434,72875,1262,"-2,183333","-79,883333",11,2021
Imbabura,476257,17897,247,"0,362678","-78,130667",11,2021
Loja,521154,18471,161,"-3,983333","-79,2",11,2021
Los Ríos,921763,13334,147,"-1,8","-79,533333",11,2021
Manabí,1562079,35024,1082,"-1,056181","-80,455217",11,2021
Morona Santiago,196535,7079,151,"-2,3","-78,116667",11,2021
Napo,133705,4309,215,"-0,989","-77,8159",11,2021
Orellana,161338,4046,228,"-0,466667","-76,966667",11,2021
Pastaza,114202,3843,169,"-1,066667","-78,001111",11,2021
Pichincha,3228233,196262,3740,"-0,218611","-78,509722",11,2021
Santa Elena,401178,4599,24,"-2,2267","-80,8583",11,2021
Sto. Domingo Tsáchilas,511151,12621,255,"-0,254167","-79,171944",11,2021
Sucumbíos,230503,6371,254,"0,084722","-76,882778",11,2021
Tungurahua,590600,16181,212,"-1,241667","-78,619722",11,2021
Zamora Chinchipe,120416,3153,89,"-4,12","-78,8",11,2021
Azuay,881394,29953,602,"-2,897414","-79,004481",12,2021
Bolívar,209933,7694,323,"-1,605556","-79,003056",12,2021
Carchi,186869,10095,68,"0,81218","-77,71633",12,2021
Cañar,281396,7030,322,"-2,733333","-78,833333",12,2021
Chimborazo,524004,9704,277,"-1,674347","-78,648294",12,2021
Cotopaxi,488716,12888,542,"-0,933333","-78,616667",12,2021
El Oro,715751,25822,1348,"-3,266667","-79,966667",12,2021
Esmeraldas,591083,10376,324,"1,05","-79,2",12,2021
Galápagos,33042,1551,39,"-0,8","-89,4",12,2021
Guayas,4387434,78498,5623,"-2,183333","-79,883333",12,2021
Imbabura,476257,18212,315,"0,362678","-78,130667",12,2021
Loja,521154,19008,537,"-3,983333","-79,2",12,2021
Los Ríos,921763,13805,471,"-1,8","-79,533333",12,2021
Manabí,1562079,37094,2070,"-1,056181","-80,455217",12,2021
Morona Santiago,196535,7479,400,"-2,3","-78,116667",12,2021
Napo,133705,4627,318,"-0,989","-77,8159",12,2021
Orellana,161338,4221,175,"-0,466667","-76,966667",12,2021
Pastaza,114202,3932,89,"-1,066667","-78,001111",12,2021
Pichincha,3228233,202606,6344,"-0,218611","-78,509722",12,2021
Santa Elena,401178,4709,110,"-2,2267","-80,8583",12,2021
Sto. Domingo Tsáchilas,511151,13226,605,"-0,254167","-79,171944",12,2021
Sucumbíos,230503,6828,457,"0,084722","-76,882778",12,2021
Tungurahua,590600,16782,601,"-1,241667","-78,619722",12,2021
Zamora Chinchipe,120416,3278,125,"-4,12","-78,8",12,2021
Azuay,881394,78,78,"-2,897414","-79,004481",3,2020
Bolívar,209933,15,15,"-1,605556","-79,003056",3,2020
Carchi,186869,6,6,"0,81218","-77,71633",3,2020
Cañar,281396,39,39,"-2,733333","-78,833333",3,2020
Chimborazo,524004,17,17,"-1,674347","-78,648294",3,2020
Cotopaxi,488716,8,8,"-0,933333","-78,616667",3,2020
El Oro,715751,34,34,"-3,266667","-79,966667",3,2020
Esmeraldas,591083,10,10,"1,05","-79,2",3,2020
Galápagos,33042,5,5,"-0,8","-89,4",3,2020
Guayas,4387434,1615,1615,"-2,183333","-79,883333",3,2020
Imbabura,476257,10,10,"0,362678","-78,130667",3,2020
Loja,521154,22,22,"-3,983333","-79,2",3,2020
Los Ríos,921763,80,80,"-1,8","-79,533333",3,2020
Manabí,1562079,54,54,"-1,056181","-80,455217",3,2020
Morona Santiago,196535,10,10,"-2,3","-78,116667",3,2020
Napo,133705,1,1,"-0,989","-77,8159",3,2020
Orellana,161338,1,1,"-0,466667","-76,966667",3,2020
Pastaza,114202,5,5,"-1,066667","-78,001111",3,2020
Pichincha,3228233,219,219,"-0,218611","-78,509722",3,2020
Santa Elena,401178,17,17,"-2,2267","-80,8583",3,2020
Sto. Domingo Tsáchilas,511151,18,18,"-0,254167","-79,171944",3,2020
Sucumbíos,230503,27,27,"0,084722","-76,882778",3,2020
Tungurahua,590600,9,9,"-1,241667","-78,619722",3,2020
Zamora Chinchipe,120416,2,2,"-4,12","-78,8",3,2020
Azuay,881394,460,382,"-2,897414","-79,004481",4,2020
Bolívar,209933,133,118,"-1,605556","-79,003056",4,2020
Carchi,186869,53,47,"0,81218","-77,71633",4,2020
Cañar,281396,297,258,"-2,733333","-78,833333",4,2020
Chimborazo,524004,167,150,"-1,674347","-78,648294",4,2020
Cotopaxi,488716,100,92,"-0,933333","-78,616667",4,2020
El Oro,715751,474,440,"-3,266667","-79,966667",4,2020
Esmeraldas,591083,187,177,"1,05","-79,2",4,2020
Galápagos,33042,68,63,"-0,8","-89,4",4,2020
Guayas,4387434,10436,8821,"-2,183333","-79,883333",4,2020
Imbabura,476257,89,79,"0,362678","-78,130667",4,2020
Loja,521154,232,210,"-3,983333","-79,2",4,2020
Los Ríos,921763,693,613,"-1,8","-79,533333",4,2020
Manabí,1562079,612,558,"-1,056181","-80,455217",4,2020
Morona Santiago,196535,61,51,"-2,3","-78,116667",4,2020
Napo,133705,23,22,"-0,989","-77,8159",4,2020
Orellana,161338,33,32,"-0,466667","-76,966667",4,2020
Pastaza,114202,46,41,"-1,066667","-78,001111",4,2020
Pichincha,3228233,1420,1201,"-0,218611","-78,509722",4,2020
Santa Elena,401178,362,345,"-2,2267","-80,8583",4,2020
Sto. Domingo Tsáchilas,511151,202,184,"-0,254167","-79,171944",4,2020
Sucumbíos,230503,42,15,"0,084722","-76,882778",4,2020
Tungurahua,590600,170,161,"-1,241667","-78,619722",4,2020
Zamora Chinchipe,120416,44,42,"-4,12","-78,8",4,2020
Azuay,881394,869,409,"-2,897414","-79,004481",5,2020
Bolívar,209933,312,179,"-1,605556","-79,003056",5,2020
Carchi,186869,152,99,"0,81218","-77,71633",5,2020
Cañar,281396,331,34,"-2,733333","-78,833333",5,2020
Chimborazo,524004,398,231,"-1,674347","-78,648294",5,2020
Cotopaxi,488716,395,295,"-0,933333","-78,616667",5,2020
El Oro,715751,1094,620,"-3,266667","-79,966667",5,2020
Esmeraldas,591083,852,665,"1,05","-79,2",5,2020
Galápagos,33042,76,8,"-0,8","-89,4",5,2020
Guayas,4387434,14061,3625,"-2,183333","-79,883333",5,2020
Imbabura,476257,203,114,"0,362678","-78,130667",5,2020
Loja,521154,357,125,"-3,983333","-79,2",5,2020
Los Ríos,921763,1509,816,"-1,8","-79,533333",5,2020
Manabí,1562079,2235,1623,"-1,056181","-80,455217",5,2020
Morona Santiago,196535,105,44,"-2,3","-78,116667",5,2020
Napo,133705,201,178,"-0,989","-77,8159",5,2020
Orellana,161338,237,204,"-0,466667","-76,966667",5,2020
Pastaza,114202,228,182,"-1,066667","-78,001111",5,2020
Pichincha,3228233,3940,2520,"-0,218611","-78,509722",5,2020
Santa Elena,401178,771,409,"-2,2267","-80,8583",5,2020
Sto. Domingo Tsáchilas,511151,1043,841,"-0,254167","-79,171944",5,2020
Sucumbíos,230503,110,68,"0,084722","-76,882778",5,2020
Tungurahua,590600,477,307,"-1,241667","-78,619722",5,2020
Zamora Chinchipe,120416,186,142,"-4,12","-78,8",5,2020
Azuay,881394,1762,893,"-2,897414","-79,004481",6,2020
Bolívar,209933,648,336,"-1,605556","-79,003056",6,2020
Carchi,186869,302,150,"0,81218","-77,71633",6,2020
Cañar,281396,542,211,"-2,733333","-78,833333",6,2020
Chimborazo,524004,773,375,"-1,674347","-78,648294",6,2020
Cotopaxi,488716,1092,697,"-0,933333","-78,616667",6,2020
El Oro,715751,2022,928,"-3,266667","-79,966667",6,2020
Esmeraldas,591083,2084,1232,"1,05","-79,2",6,2020
Galápagos,33042,88,12,"-0,8","-89,4",6,2020
Guayas,4387434,15012,951,"-2,183333","-79,883333",6,2020
Imbabura,476257,578,375,"0,362678","-78,130667",6,2020
Loja,521154,864,507,"-3,983333","-79,2",6,2020
Los Ríos,921763,2269,760,"-1,8","-79,533333",6,2020
Manabí,1562079,4445,2210,"-1,056181","-80,455217",6,2020
Morona Santiago,196535,780,675,"-2,3","-78,116667",6,2020
Napo,133705,586,385,"-0,989","-77,8159",6,2020
Orellana,161338,741,504,"-0,466667","-76,966667",6,2020
Pastaza,114202,686,458,"-1,066667","-78,001111",6,2020
Pichincha,3228233,7220,3280,"-0,218611","-78,509722",6,2020
Santa Elena,401178,924,153,"-2,2267","-80,8583",6,2020
Sto. Domingo Tsáchilas,511151,1997,954,"-0,254167","-79,171944",6,2020
Sucumbíos,230503,413,303,"0,084722","-76,882778",6,2020
Tungurahua,590600,1022,545,"-1,241667","-78,619722",6,2020
Zamora Chinchipe,120416,536,350,"-4,12","-78,8",6,2020
Azuay,881394,3326,1564,"-2,897414","-79,004481",7,2020
Bolívar,209933,1148,500,"-1,605556","-79,003056",7,2020
Carchi,186869,895,593,"0,81218","-77,71633",7,2020
Cañar,281396,739,197,"-2,733333","-78,833333",7,2020
Chimborazo,524004,1425,652,"-1,674347","-78,648294",7,2020
Cotopaxi,488716,2010,918,"-0,933333","-78,616667",7,2020
El Oro,715751,3181,1159,"-3,266667","-79,966667",7,2020
Esmeraldas,591083,3223,1139,"1,05","-79,2",7,2020
Galápagos,33042,103,15,"-0,8","-89,4",7,2020
Guayas,4387434,17517,2505,"-2,183333","-79,883333",7,2020
Imbabura,476257,1476,898,"0,362678","-78,130667",7,2020
Loja,521154,2553,1689,"-3,983333","-79,2",7,2020
Los Ríos,921763,2858,589,"-1,8","-79,533333",7,2020
Manabí,1562079,6488,2043,"-1,056181","-80,455217",7,2020
Morona Santiago,196535,2011,1231,"-2,3","-78,116667",7,2020
Napo,133705,940,354,"-0,989","-77,8159",7,2020
Orellana,161338,1323,582,"-0,466667","-76,966667",7,2020
Pastaza,114202,1376,690,"-1,066667","-78,001111",7,2020
Pichincha,3228233,14813,7593,"-0,218611","-78,509722",7,2020
Santa Elena,401178,1148,224,"-2,2267","-80,8583",7,2020
Sto. Domingo Tsáchilas,511151,3674,1677,"-0,254167","-79,171944",7,2020
Sucumbíos,230503,1144,731,"0,084722","-76,882778",7,2020
Tungurahua,590600,2083,1061,"-1,241667","-78,619722",7,2020
Zamora Chinchipe,120416,945,409,"-4,12","-78,8",7,2020
Azuay,881394,5454,2128,"-2,897414","-79,004481",8,2020
Bolívar,209933,1441,293,"-1,605556","-79,003056",8,2020
Carchi,186869,1935,1040,"0,81218","-77,71633",8,2020
Cañar,281396,1321,582,"-2,733333","-78,833333",8,2020
Chimborazo,524004,2021,596,"-1,674347","-78,648294",8,2020
Cotopaxi,488716,3002,992,"-0,933333","-78,616667",8,2020
El Oro,715751,4385,1204,"-3,266667","-79,966667",8,2020
Esmeraldas,591083,3543,320,"1,05","-79,2",8,2020
Galápagos,33042,109,6,"-0,8","-89,4",8,2020
Guayas,4387434,18836,1319,"-2,183333","-79,883333",8,2020
Imbabura,476257,2881,1405,"0,362678","-78,130667",8,2020
Loja,521154,4445,1892,"-3,983333","-79,2",8,2020
Los Ríos,921763,3273,415,"-1,8","-79,533333",8,2020
Manabí,1562079,8482,1994,"-1,056181","-80,455217",8,2020
Morona Santiago,196535,2467,456,"-2,3","-78,116667",8,2020
Napo,133705,1153,213,"-0,989","-77,8159",8,2020
Orellana,161338,1618,295,"-0,466667","-76,966667",8,2020
Pastaza,114202,1908,532,"-1,066667","-78,001111",8,2020
Pichincha,3228233,23898,9085,"-0,218611","-78,509722",8,2020
Santa Elena,401178,1297,149,"-2,2267","-80,8583",8,2020
Sto. Domingo Tsáchilas,511151,4505,831,"-0,254167","-79,171944",8,2020
Sucumbíos,230503,2257,1113,"0,084722","-76,882778",8,2020
Tungurahua,590600,3348,1265,"-1,241667","-78,619722",8,2020
Zamora Chinchipe,120416,1232,287,"-4,12","-78,8",8,2020
Azuay,881394,8981,3527,"-2,897414","-79,004481",9,2020
Bolívar,209933,1770,329,"-1,605556","-79,003056",9,2020
Carchi,186869,2648,713,"0,81218","-77,71633",9,2020
Cañar,281396,1903,582,"-2,733333","-78,833333",9,2020
Chimborazo,524004,2271,250,"-1,674347","-78,648294",9,2020
Cotopaxi,488716,3768,766,"-0,933333","-78,616667",9,2020
El Oro,715751,5523,1138,"-3,266667","-79,966667",9,2020
Esmeraldas,591083,3736,193,"1,05","-79,2",9,2020
Galápagos,33042,198,89,"-0,8","-89,4",9,2020
Guayas,4387434,20387,1551,"-2,183333","-79,883333",9,2020
Imbabura,476257,4012,1131,"0,362678","-78,130667",9,2020
Loja,521154,5396,951,"-3,983333","-79,2",9,2020
Los Ríos,921763,3688,415,"-1,8","-79,533333",9,2020
Manabí,1562079,9751,1269,"-1,056181","-80,455217",9,2020
Morona Santiago,196535,2714,247,"-2,3","-78,116667",9,2020
Napo,133705,1356,203,"-0,989","-77,8159",9,2020
Orellana,161338,1731,113,"-0,466667","-76,966667",9,2020
Pastaza,114202,2145,237,"-1,066667","-78,001111",9,2020
Pichincha,3228233,39930,16032,"-0,218611","-78,509722",9,2020
Santa Elena,401178,1484,187,"-2,2267","-80,8583",9,2020
Sto. Domingo Tsáchilas,511151,4902,397,"-0,254167","-79,171944",9,2020
Sucumbíos,230503,2556,299,"0,084722","-76,882778",9,2020
Tungurahua,590600,4708,1360,"-1,241667","-78,619722",9,2020
Zamora Chinchipe,120416,1489,257,"-4,12","-78,8",9,2020
Azuay,881394,10604,1623,"-2,897414","-79,004481",10,2020
Bolívar,209933,2104,334,"-1,605556","-79,003056",10,2020
Carchi,186869,3042,394,"0,81218","-77,71633",10,2020
Cañar,281396,2109,206,"-2,733333","-78,833333",10,2020
Chimborazo,524004,2510,239,"-1,674347","-78,648294",10,2020
Cotopaxi,488716,4556,788,"-0,933333","-78,616667",10,2020
El Oro,715751,6452,929,"-3,266667","-79,966667",10,2020
Esmeraldas,591083,4226,490,"1,05","-79,2",10,2020
Galápagos,33042,227,29,"-0,8","-89,4",10,2020
Guayas,4387434,22126,1739,"-2,183333","-79,883333",10,2020
Imbabura,476257,4745,733,"0,362678","-78,130667",10,2020
Loja,521154,6220,824,"-3,983333","-79,2",10,2020
Los Ríos,921763,4000,312,"-1,8","-79,533333",10,2020
Manabí,1562079,11196,1445,"-1,056181","-80,455217",10,2020
Morona Santiago,196535,2996,282,"-2,3","-78,116667",10,2020
Napo,133705,1438,82,"-0,989","-77,8159",10,2020
Orellana,161338,1952,221,"-0,466667","-76,966667",10,2020
Pastaza,114202,2255,110,"-1,066667","-78,001111",10,2020
Pichincha,3228233,58995,19065,"-0,218611","-78,509722",10,2020
Santa Elena,401178,1720,236,"-2,2267","-80,8583",10,2020
Sto. Domingo Tsáchilas,511151,5274,372,"-0,254167","-79,171944",10,2020
Sucumbíos,230503,2754,198,"0,084722","-76,882778",10,2020
Tungurahua,590600,5114,406,"-1,241667","-78,619722",10,2020
Zamora Chinchipe,120416,1577,88,"-4,12","-78,8",10,2020
Azuay,881394,11889,1285,"-2,897414","-79,004481",11,2020
Bolívar,209933,2382,278,"-1,605556","-79,003056",11,2020
Carchi,186869,3289,247,"0,81218","-77,71633",11,2020
Cañar,281396,2437,328,"-2,733333","-78,833333",11,2020
Chimborazo,524004,2845,335,"-1,674347","-78,648294",11,2020
Cotopaxi,488716,5093,537,"-0,933333","-78,616667",11,2020
El Oro,715751,7367,915,"-3,266667","-79,966667",11,2020
Esmeraldas,591083,4845,619,"1,05","-79,2",11,2020
Galápagos,33042,628,401,"-0,8","-89,4",11,2020
Guayas,4387434,24336,2210,"-2,183333","-79,883333",11,2020
Imbabura,476257,5407,662,"0,362678","-78,130667",11,2020
Loja,521154,7011,791,"-3,983333","-79,2",11,2020
Los Ríos,921763,4457,457,"-1,8","-79,533333",11,2020
Manabí,1562079,12905,1709,"-1,056181","-80,455217",11,2020
Morona Santiago,196535,3282,286,"-2,3","-78,116667",11,2020
Napo,133705,1537,99,"-0,989","-77,8159",11,2020
Orellana,161338,2064,112,"-0,466667","-76,966667",11,2020
Pastaza,114202,2338,83,"-1,066667","-78,001111",11,2020
Pichincha,3228233,69629,10634,"-0,218611","-78,509722",11,2020
Santa Elena,401178,2140,420,"-2,2267","-80,8583",11,2020
Sto. Domingo Tsáchilas,511151,5628,354,"-0,254167","-79,171944",11,2020
Sucumbíos,230503,2893,139,"0,084722","-76,882778",11,2020
Tungurahua,590600,6673,1559,"-1,241667","-78,619722",11,2020
Zamora Chinchipe,120416,1610,33,"-4,12","-78,8",11,2020
Azuay,881394,13557,1668,"-2,897414","-79,004481",12,2020
Bolívar,209933,2527,145,"-1,605556","-79,003056",12,2020
Carchi,186869,3629,340,"0,81218","-77,71633",12,2020
Cañar,281396,2804,367,"-2,733333","-78,833333",12,2020
Chimborazo,524004,3253,408,"-1,674347","-78,648294",12,2020
Cotopaxi,488716,5655,562,"-0,933333","-78,616667",12,2020
El Oro,715751,8323,956,"-3,266667","-79,966667",12,2020
Esmeraldas,591083,5044,199,"1,05","-79,2",12,2020
Galápagos,33042,918,290,"-0,8","-89,4",12,2020
Guayas,4387434,27317,2981,"-2,183333","-79,883333",12,2020
Imbabura,476257,6063,656,"0,362678","-78,130667",12,2020
Loja,521154,7592,581,"-3,983333","-79,2",12,2020
Los Ríos,921763,4899,442,"-1,8","-79,533333",12,2020
Manabí,1562079,14960,2055,"-1,056181","-80,455217",12,2020
Morona Santiago,196535,3641,359,"-2,3","-78,116667",12,2020
Napo,133705,1668,131,"-0,989","-77,8159",12,2020
Orellana,161338,2110,46,"-0,466667","-76,966667",12,2020
Pastaza,114202,2411,73,"-1,066667","-78,001111",12,2020
Pichincha,3228233,75465,5836,"-0,218611","-78,509722",12,2020
Santa Elena,401178,2631,491,"-2,2267","-80,8583",12,2020
Sto. Domingo Tsáchilas,511151,5914,286,"-0,254167","-79,171944",12,2020
Sucumbíos,230503,3009,116,"0,084722","-76,882778",12,2020
Tungurahua,590600,7453,780,"-1,241667","-78,619722",12,2020
Zamora Chinchipe,120416,1669,59,"-4,12","-78,8",12,2020
