zona,region,provincia,poblacion,semana,mes,anio,primera_dosis,dosis_refuerzo,dosis_total,dosis_unica,segunda_dosis
3,sierra,Bolívar,209933,14,4,2021,23790,0,27723,0,3933
7,sierra,Loja,521154,50,12,2021,2979592,232792,5920196,30718,2677094
2,amazonia,Sucumbíos,230503,10,3,2021,4304,0,4622,0,318
7,costa,El Oro,715751,8,2,2021,3290,0,3290,0,0
4,costa,Manabí,1562079,4,1,2021,3,0,3,0,0
2,amazonia,Orellana,161338,46,11,2021,790238,2209,1390833,24359,574027
6,sierra,Azuay,881394,23,6,2021,740893,0,1072617,0,331724
5,costa,Santa Elena,401178,3,1,2022,2129759,176760,4114293,69447,1738327
4,costa,Sto. Domingo Tsáchilas,511151,13,3,2021,36832,0,43309,0,6477
6,sierra,Cañar,281396,12,3,2021,30727,0,32525,0,1798
8,costa,Guayas,4387434,28,7,2021,5871653,0,8372572,0,2500919
1,sierra,Imbabura,476257,28,7,2021,898247,0,1251613,0,353366
6,sierra,Azuay,881394,12,3,2021,128113,0,143082,0,14969
4,costa,Manabí,1562079,9,2,2021,37297,0,40722,0,3425
5,insular,Galápagos,33042,1,1,2022,29823,11823,70175,0,28529
3,sierra,Cotopaxi,488716,50,12,2021,2676118,133473,5139500,180792,2149117
8,costa,Guayas,4387434,4,1,2021,3981,0,3981,0,0
1,sierra,Carchi,186869,35,8,2021,1067193,0,1713201,3290,642718
2,amazonia,Napo,133705,33,8,2021,598472,0,800883,0,202411
1,costa,Esmeraldas,591083,19,5,2021,304592,0,347290,0,42698
3,sierra,Bolívar,209933,46,11,2021,1020871,10868,1842010,43282,766989
7,amazonia,Zamora Chinchipe,120416,22,5,2021,104665,0,136586,0,31921
4,costa,Manabí,1562079,6,2,2021,5930,0,5930,0,0
5,costa,Santa Elena,401178,50,12,2021,2003132,80488,3640130,56616,1499894
7,costa,El Oro,715751,33,8,2021,3447650,0,4806102,0,1358452
3,sierra,Cotopaxi,488716,23,5,2021,113094,0,149893,0,36799
2,amazonia,Orellana,161338,23,6,2021,86896,0,114768,0,27872
3,sierra,Chimborazo,524004,31,7,2021,1874020,0,2376082,0,502062
4,costa,Sto. Domingo Tsáchilas,511151,49,12,2021,1408680,30359,2645364,108405,1097920
1,sierra,Imbabura,476257,11,3,2021,27500,0,29545,0,2045
5,costa,Santa Elena,401178,35,8,2021,1459290,0,2565720,10162,1096268
7,costa,El Oro,715751,48,11,2021,4068786,107431,7656951,89975,3390759
3,sierra,Bolívar,209933,11,3,2021,14466,0,15241,0,775
7,amazonia,Zamora Chinchipe,120416,14,4,2021,6879,0,9607,0,2728
5,insular,Galápagos,33042,49,12,2021,118323,8558,239246,0,112365
3,sierra,Chimborazo,524004,22,5,2021,510282,0,672686,0,162404
5,costa,Santa Elena,401178,25,6,2021,296941,0,438648,0,141707
3,sierra,Cotopaxi,488716,49,12,2021,1522804,61566,2881417,101230,1195817
4,costa,Manabí,1562079,12,3,2021,105355,0,123906,0,18551
6,sierra,Azuay,881394,9,2,2021,28205,0,32727,0,4522
6,amazonia,Morona Santiago,196535,3,1,2022,800402,92288,1633521,83044,657787
3,sierra,Chimborazo,524004,32,8,2021,2170314,0,2806895,0,636581
2,amazonia,Sucumbíos,230503,10,2,2021,586,0,639,0,53
9,sierra,Pichincha,3228233,41,10,2021,16317789,0,31384385,354005,14712591
2,amazonia,Napo,133705,11,3,2021,16272,0,16741,0,469
2,amazonia,Orellana,161338,28,7,2021,203643,0,261639,0,57996
2,amazonia,Napo,133705,12,3,2021,21861,0,23079,0,1218
1,sierra,Imbabura,476257,30,7,2021,1660048,0,2084370,0,424322
7,amazonia,Zamora Chinchipe,120416,19,5,2021,81503,0,95188,0,13685
6,sierra,Cañar,281396,51,12,2021,1321968,100417,2608698,58060,1128253
3,sierra,Chimborazo,524004,49,11,2021,1155034,53784,2132413,36859,886736
1,sierra,Carchi,186869,1,1,2022,174201,14978,345881,7400,149302
2,amazonia,Pastaza,114202,38,9,2021,377054,0,716089,18816,320219
2,amazonia,Pastaza,114202,18,4,2021,33927,0,42055,0,8128
1,sierra,Carchi,186869,33,8,2021,1067026,0,1436976,0,369950
2,amazonia,Pastaza,114202,27,6,2021,68019,0,96654,0,28635
7,sierra,Loja,521154,27,6,2021,555144,0,825093,0,269949
4,costa,Manabí,1562079,16,4,2021,338024,0,396934,0,58910
6,sierra,Azuay,881394,30,7,2021,3386240,0,4371437,0,985197
4,costa,Sto. Domingo Tsáchilas,511151,46,11,2021,2239425,18329,4117339,185632,1673953
4,costa,Manabí,1562079,2,1,2022,9077677,568995,18031047,361436,8022939
4,costa,Sto. Domingo Tsáchilas,511151,29,7,2021,924453,0,1170898,0,246445
5,costa,Los Ríos,921763,33,8,2021,3236869,0,4584933,0,1348064
4,costa,Sto. Domingo Tsáchilas,511151,12,3,2021,26803,0,32011,0,5208
3,sierra,Tungurahua,590600,20,5,2021,357392,0,425849,0,68457
3,sierra,Bolívar,209933,36,8,2021,358493,0,666922,10595,297834
6,sierra,Cañar,281396,42,10,2021,1040231,0,1926405,50531,835643
1,sierra,Imbabura,476257,46,11,2021,2535983,36295,4707621,82029,2053314
1,sierra,Imbabura,476257,42,10,2021,2249740,0,4327623,75147,2002736
7,sierra,Loja,521154,10,2,2021,1541,0,1690,0,149
2,amazonia,Pastaza,114202,23,6,2021,61197,0,77674,0,16477
1,costa,Esmeraldas,591083,45,11,2021,2281014,2788,4092424,125520,1683102
8,costa,Guayas,4387434,23,5,2021,788869,0,1096544,0,307675
6,sierra,Azuay,881394,10,3,2021,44803,0,48683,0,3880
3,sierra,Bolívar,209933,49,11,2021,483900,14527,876315,19320,358568
5,costa,Santa Elena,401178,18,4,2021,76346,0,91442,0,15096
4,costa,Sto. Domingo Tsáchilas,511151,33,8,2021,1772139,0,2344011,0,571872
1,sierra,Imbabura,476257,18,4,2021,237797,0,276244,0,38447
1,sierra,Imbabura,476257,37,9,2021,2141211,0,4117223,50194,1925818
1,sierra,Carchi,186869,51,12,2021,1211645,80654,2344781,47397,1005085
5,costa,Los Ríos,921763,25,6,2021,730857,0,1020523,0,289666
5,costa,Los Ríos,921763,16,4,2021,149604,0,186290,0,36686
3,sierra,Chimborazo,524004,27,7,2021,353764,0,506228,0,152464
2,amazonia,Orellana,161338,44,10,2021,750981,239,1344367,23893,569254
1,costa,Esmeraldas,591083,12,3,2021,32848,0,39788,0,6940
6,sierra,Cañar,281396,40,10,2021,291420,0,541782,13840,236522
1,sierra,Carchi,186869,41,10,2021,1064107,0,1932368,29725,838536
3,sierra,Tungurahua,590600,44,10,2021,2904541,11485,5476943,165003,2395914
3,sierra,Chimborazo,524004,40,9,2021,1576383,0,2923264,52242,1294639
5,costa,Santa Elena,401178,49,12,2021,1133786,36044,2040394,30770,839794
7,amazonia,Zamora Chinchipe,120416,29,7,2021,259038,0,348030,0,88992
1,sierra,Imbabura,476257,9,2,2021,14146,0,15253,0,1107
5,costa,Los Ríos,921763,28,7,2021,1211818,0,1638355,0,426537
2,amazonia,Orellana,161338,25,6,2021,134436,0,182440,0,48004
6,sierra,Cañar,281396,36,8,2021,414078,0,745529,7960,323491
6,amazonia,Morona Santiago,196535,44,10,2021,618141,2649,1149849,53188,475871
7,costa,El Oro,715751,16,4,2021,182466,0,234202,0,51736
2,amazonia,Pastaza,114202,5,1,2022,457473,79288,973351,41582,395008
1,costa,Esmeraldas,591083,17,4,2021,130271,0,161513,0,31242
2,amazonia,Sucumbíos,230503,46,11,2021,1028979,8665,1845812,48326,759842
3,sierra,Cotopaxi,488716,32,8,2021,2024488,0,2606962,0,582474
9,sierra,Pichincha,3228233,35,8,2021,15717431,0,27874269,58736,12098102
2,amazonia,Napo,133705,39,9,2021,570422,0,1060067,15607,474038
6,sierra,Cañar,281396,24,6,2021,250991,0,352898,0,101907
9,sierra,Pichincha,3228233,52,12,2021,19310830,1878871,39917107,393546,18333860
6,sierra,Cañar,281396,37,9,2021,953871,0,1789832,35185,800776
9,sierra,Pichincha,3228233,24,6,2021,3869797,0,5515204,0,1645407
7,amazonia,Zamora Chinchipe,120416,21,5,2021,95307,0,120044,0,24737
3,sierra,Tungurahua,590600,6,1,2021,36,0,36,0,0
2,amazonia,Napo,133705,50,12,2021,747702,27699,1393294,23516,594377
5,costa,Santa Elena,401178,30,7,2021,1243838,0,1495138,0,251300
3,sierra,Chimborazo,524004,23,6,2021,389738,0,535918,0,146180
2,amazonia,Sucumbíos,230503,18,4,2021,78310,0,97367,0,19057
9,sierra,Pichincha,3228233,29,7,2021,9078390,0,12280926,0,3202536
5,costa,Los Ríos,921763,38,9,2021,3347126,0,6475032,143565,2984341
3,sierra,Cotopaxi,488716,36,9,2021,1165350,0,2179507,49383,964774
6,sierra,Azuay,881394,10,2,2021,6632,0,7278,0,646
1,costa,Esmeraldas,591083,25,6,2021,530356,0,695074,0,164718
8,costa,Guayas,4387434,7,2,2021,20540,0,22510,0,1970
1,costa,Esmeraldas,591083,53,12,2021,2594893,130558,5087289,178597,2183241
3,sierra,Tungurahua,590600,48,11,2021,3189001,84578,6015568,183060,2558929
1,costa,Esmeraldas,591083,21,5,2021,353703,0,413042,0,59339
6,sierra,Azuay,881394,36,8,2021,1728530,0,3169026,12171,1428325
8,costa,Guayas,4387434,29,7,2021,8192638,0,11016399,0,2823761
4,costa,Manabí,1562079,45,11,2021,6812846,20374,12638256,269126,5535910
7,amazonia,Zamora Chinchipe,120416,10,3,2021,4446,0,5322,0,876
5,insular,Galápagos,33042,45,11,2021,174908,0,329732,0,154824
2,amazonia,Pastaza,114202,43,10,2021,411823,258,775354,30442,332831
4,costa,Manabí,1562079,5,1,2021,5929,0,5929,0,0
5,insular,Galápagos,33042,35,8,2021,223412,0,399370,0,175958
3,sierra,Tungurahua,590600,43,10,2021,2800992,1406,5357027,163256,2391373
5,costa,Los Ríos,921763,39,9,2021,3414781,0,6555581,148069,2992731
8,costa,Guayas,4387434,41,10,2021,18778274,0,35118151,603528,15736349
3,sierra,Tungurahua,590600,51,12,2021,3292995,214225,6582681,193506,2881955
1,sierra,Imbabura,476257,20,5,2021,394296,0,469476,0,75180
4,costa,Manabí,1562079,53,12,2021,7742170,386895,15220836,302186,6789585
1,sierra,Imbabura,476257,6,1,2021,324,0,324,0,0
5,costa,Santa Elena,401178,2,1,2022,2110732,142863,4019565,65686,1700284
5,costa,Los Ríos,921763,41,10,2021,3590321,0,6777033,149599,3037113
2,amazonia,Pastaza,114202,32,8,2021,364864,0,471408,0,106544
1,costa,Esmeraldas,591083,51,12,2021,2991347,106087,5738934,199041,2442459
5,costa,Los Ríos,921763,6,1,2021,416,0,416,0,0
8,costa,Guayas,4387434,49,12,2021,12774563,324937,23860574,360716,10400358
3,sierra,Bolívar,209933,24,6,2021,257472,0,382803,0,125331
3,sierra,Cotopaxi,488716,16,4,2021,88530,0,105571,0,17041
3,sierra,Tungurahua,590600,38,9,2021,2597205,0,5077833,135301,2345327
3,sierra,Bolívar,209933,20,5,2021,179997,0,212571,0,32574
3,sierra,Bolívar,209933,37,9,2021,822034,0,1585224,33003,730187
6,amazonia,Morona Santiago,196535,37,9,2021,520660,0,981787,27606,433521
9,sierra,Pichincha,3228233,45,10,2021,2559355,26002,4832898,51722,2195819
4,costa,Sto. Domingo Tsáchilas,511151,8,2,2021,5844,0,6331,0,487
2,amazonia,Napo,133705,25,6,2021,173981,0,239794,0,65813
6,sierra,Azuay,881394,51,12,2021,4927659,398021,9830108,109850,4394578
6,sierra,Cañar,281396,4,1,2022,1379015,261245,2936858,63350,1233248
4,costa,Manabí,1562079,36,9,2021,3908851,0,7294886,86705,3299330
8,costa,Guayas,4387434,14,4,2021,258808,0,319353,0,60545
2,amazonia,Sucumbíos,230503,14,3,2021,26080,0,27972,0,1892
7,amazonia,Zamora Chinchipe,120416,13,3,2021,14812,0,17096,0,2284
8,costa,Guayas,4387434,37,9,2021,17243344,0,32776775,442874,15090557
5,costa,Santa Elena,401178,40,10,2021,461638,0,851430,11980,377812
4,costa,Manabí,1562079,24,6,2021,1590184,0,2099754,0,509570
2,amazonia,Pastaza,114202,49,11,2021,209959,7227,399013,15601,166226
7,amazonia,Zamora Chinchipe,120416,23,6,2021,79127,0,105347,0,26220
7,costa,El Oro,715751,36,9,2021,1937834,0,3581234,24875,1618525
7,sierra,Loja,521154,4,1,2022,3042636,593487,6552418,46292,2870003
5,insular,Galápagos,33042,28,7,2021,205315,0,359514,0,154199
3,sierra,Tungurahua,590600,23,6,2021,388273,0,515708,0,127435
2,amazonia,Napo,133705,17,4,2021,56441,0,71860,0,15419
4,costa,Sto. Domingo Tsáchilas,511151,24,6,2021,372621,0,500364,0,127743
1,sierra,Carchi,186869,46,11,2021,1168817,11909,2079548,39165,859657
4,costa,Manabí,1562079,41,10,2021,7117223,0,13708580,285434,6305923
5,insular,Galápagos,33042,15,4,2021,72090,0,96016,0,23926
7,sierra,Loja,521154,12,3,2021,66731,0,71439,0,4708
2,amazonia,Orellana,161338,9,2,2021,1545,0,1632,0,87
1,sierra,Carchi,186869,39,9,2021,1042249,0,1892883,19697,830937
1,sierra,Carchi,186869,27,7,2021,149830,0,208509,0,58679
5,costa,Santa Elena,401178,19,5,2021,134359,0,155276,0,20917
1,costa,Esmeraldas,591083,48,11,2021,2894359,36546,5260116,176563,2152648
6,sierra,Azuay,881394,6,2,2021,3978,0,3978,0,0
5,costa,Santa Elena,401178,46,11,2021,1778555,4486,3202556,48608,1370907
2,amazonia,Orellana,161338,33,8,2021,676051,0,859948,0,183897
6,amazonia,Morona Santiago,196535,45,10,2021,90773,612,167998,7687,68926
1,sierra,Carchi,186869,18,4,2021,128613,0,148929,0,20316
7,amazonia,Zamora Chinchipe,120416,45,10,2021,78058,211,138245,1925,58051
7,sierra,Loja,521154,23,5,2021,196685,0,273148,0,76463
1,sierra,Imbabura,476257,52,12,2021,2688549,202641,5516427,97883,2527354
1,sierra,Imbabura,476257,50,12,2021,2656519,150173,5267947,93280,2367975
6,amazonia,Morona Santiago,196535,52,12,2021,754910,57613,1508959,71752,624684
5,insular,Galápagos,33042,23,6,2021,141126,0,237683,0,96557
1,sierra,Carchi,186869,37,9,2021,1028789,0,1852311,12711,810811
3,sierra,Bolívar,209933,14,3,2021,22573,0,26085,0,3512
1,sierra,Carchi,186869,27,6,2021,183922,0,257896,0,73974
4,costa,Sto. Domingo Tsáchilas,511151,35,8,2021,1775206,0,3153221,79742,1298273
2,amazonia,Orellana,161338,45,11,2021,660156,545,1171176,20665,489810
8,costa,Guayas,4387434,26,6,2021,4235915,0,6207159,0,1971244
3,sierra,Tungurahua,590600,42,10,2021,2717613,0,5264294,161991,2384690
3,sierra,Cotopaxi,488716,20,5,2021,304624,0,349810,0,45186
4,costa,Manabí,1562079,32,8,2021,6780523,0,8421068,0,1640545
8,costa,Guayas,4387434,46,11,2021,20798790,80752,38218970,626009,16713419
7,costa,El Oro,715751,7,2,2021,3282,0,3282,0,0
8,costa,Guayas,4387434,38,9,2021,17426794,0,33347950,518582,15402574
3,sierra,Bolívar,209933,27,6,2021,204476,0,305634,0,101158
7,costa,El Oro,715751,45,10,2021,556533,2934,1016111,12422,444222
2,amazonia,Pastaza,114202,9,2,2021,2177,0,2483,0,306
8,costa,Guayas,4387434,36,8,2021,7429108,0,13353797,89832,5834857
7,amazonia,Zamora Chinchipe,120416,36,8,2021,202547,0,340423,2140,135736
1,costa,Esmeraldas,591083,27,6,2021,367714,0,479710,0,111996
6,amazonia,Morona Santiago,196535,38,9,2021,537986,0,1016821,35221,443614
5,costa,Los Ríos,921763,18,4,2021,211279,0,261746,0,50467
2,amazonia,Orellana,161338,32,8,2021,643048,0,760032,0,116984
6,sierra,Cañar,281396,18,5,2021,20624,0,24579,0,3955
7,amazonia,Zamora Chinchipe,120416,30,7,2021,332314,0,433537,0,101223
5,costa,Santa Elena,401178,36,8,2021,625513,0,1152630,9673,517444
2,amazonia,Orellana,161338,19,5,2021,93981,0,109226,0,15245
2,amazonia,Orellana,161338,45,10,2021,109302,54,194333,3435,81542
1,sierra,Carchi,186869,20,5,2021,209530,0,239814,0,30284
9,sierra,Pichincha,3228233,36,9,2021,8879288,0,16886529,101880,7905361
7,sierra,Loja,521154,43,10,2021,2633436,1046,4928154,24310,2269362
9,sierra,Pichincha,3228233,17,4,2021,1224147,0,1546540,0,322393
6,sierra,Azuay,881394,38,9,2021,3992699,0,7604772,68554,3543519
1,sierra,Carchi,186869,52,12,2021,1215647,93741,2392021,49673,1032960
7,amazonia,Zamora Chinchipe,120416,9,2,2021,2737,0,3029,0,292
6,amazonia,Morona Santiago,196535,47,11,2021,663263,13345,1235761,57812,501341
3,sierra,Bolívar,209933,23,6,2021,172425,0,246892,0,74467
9,sierra,Pichincha,3228233,10,2,2021,15363,0,16955,0,1592
3,sierra,Cotopaxi,488716,14,4,2021,22689,0,29538,0,6849
4,costa,Sto. Domingo Tsáchilas,511151,44,10,2021,2146920,6476,3973724,185306,1635022
7,costa,El Oro,715751,21,5,2021,535538,0,677414,0,141876
2,amazonia,Napo,133705,44,10,2021,663274,1529,1170893,19735,486355
4,costa,Sto. Domingo Tsáchilas,511151,40,10,2021,534886,0,1050708,52952,462870
7,amazonia,Zamora Chinchipe,120416,34,8,2021,463299,0,697019,720,233000
4,costa,Sto. Domingo Tsáchilas,511151,25,6,2021,394236,0,556154,0,161918
9,sierra,Pichincha,3228233,4,1,2022,19586533,4445458,43349315,420007,18897317
6,amazonia,Morona Santiago,196535,48,11,2021,706409,24277,1340453,61689,548078
5,costa,Los Ríos,921763,34,8,2021,3237240,0,5070927,2454,1831233
4,costa,Manabí,1562079,39,9,2021,6865671,0,13365097,257196,6242230
1,costa,Esmeraldas,591083,6,2,2021,1416,0,1416,0,0
1,sierra,Imbabura,476257,24,6,2021,586939,0,809737,0,222798
6,sierra,Azuay,881394,22,5,2021,964874,0,1331319,0,366445
6,sierra,Cañar,281396,1,1,2022,191237,20883,389773,8493,169160
2,amazonia,Orellana,161338,14,4,2021,10560,0,13025,0,2465
6,sierra,Azuay,881394,7,2,2021,4651,0,5321,0,670
1,sierra,Imbabura,476257,39,9,2021,2152165,0,4194255,65146,1976944
6,amazonia,Morona Santiago,196535,45,11,2021,546240,4232,1010765,46508,413785
7,amazonia,Zamora Chinchipe,120416,44,10,2021,531940,902,949763,13248,403673
2,amazonia,Orellana,161338,24,6,2021,125234,0,169260,0,44026
7,costa,El Oro,715751,40,9,2021,2468666,0,4686760,55756,2162338
6,sierra,Cañar,281396,46,11,2021,1187055,21378,2176025,53550,914042
3,sierra,Cotopaxi,488716,47,11,2021,2571957,35155,4652012,159223,1885677
5,insular,Galápagos,33042,26,6,2021,202637,0,351041,0,148404
1,sierra,Imbabura,476257,5,1,2021,1612,0,1612,0,0
3,sierra,Cotopaxi,488716,15,4,2021,67467,0,83455,0,15988
6,sierra,Cañar,281396,19,5,2021,160253,0,189931,0,29678
7,sierra,Loja,521154,14,4,2021,57385,0,69303,0,11918
1,sierra,Carchi,186869,22,5,2021,235445,0,306234,0,70789
3,sierra,Bolívar,209933,10,2,2021,500,0,555,0,55
6,amazonia,Morona Santiago,196535,11,3,2021,13125,0,13769,0,644
2,amazonia,Pastaza,114202,44,10,2021,437971,2593,811140,31549,339027
1,sierra,Imbabura,476257,26,6,2021,741362,0,1008759,0,267397
2,amazonia,Orellana,161338,29,7,2021,301571,0,365321,0,63750
7,amazonia,Zamora Chinchipe,120416,33,8,2021,456122,0,632786,0,176664
6,sierra,Azuay,881394,53,12,2021,4246585,465654,8751232,96000,3942993
5,costa,Santa Elena,401178,24,6,2021,249470,0,362936,0,113466
2,amazonia,Napo,133705,37,9,2021,574825,0,1035039,14705,445509
3,sierra,Tungurahua,590600,25,6,2021,669166,0,955958,0,286792
9,sierra,Pichincha,3228233,28,7,2021,6289249,0,9130884,0,2841635
5,insular,Galápagos,33042,29,7,2021,208318,0,363346,0,155028
3,sierra,Bolívar,209933,2,1,2022,1203677,138019,2387486,47929,997861
2,amazonia,Sucumbíos,230503,23,6,2021,122450,0,164355,0,41905
2,amazonia,Orellana,161338,50,12,2021,868278,22697,1595498,33121,671402
2,amazonia,Pastaza,114202,15,4,2021,20648,0,22507,0,1859
3,sierra,Tungurahua,590600,33,8,2021,2600704,0,3662470,1676,1060090
3,sierra,Tungurahua,590600,53,12,2021,2841142,254730,5861618,169498,2596248
3,sierra,Chimborazo,524004,28,7,2021,945302,0,1330341,0,385039
5,insular,Galápagos,33042,7,2,2021,3101,0,3101,0,0
1,costa,Esmeraldas,591083,36,8,2021,969495,0,1726458,25386,731577
3,sierra,Bolívar,209933,45,10,2021,143654,197,257572,6111,107610
5,insular,Galápagos,33042,27,6,2021,115818,0,201773,0,85955
1,costa,Esmeraldas,591083,11,3,2021,20192,0,21763,0,1571
3,sierra,Chimborazo,524004,7,2,2021,1966,0,1966,0,0
5,insular,Galápagos,33042,46,11,2021,204440,3694,389064,0,180930
2,amazonia,Napo,133705,52,12,2021,759548,37590,1459773,24897,637738
6,amazonia,Morona Santiago,196535,35,8,2021,523046,0,898663,9770,365847
2,amazonia,Napo,133705,48,11,2021,730064,14051,1312367,21826,546426
3,sierra,Bolívar,209933,4,1,2022,1225938,186941,2501227,49513,1038835
3,sierra,Bolívar,209933,22,5,2021,229129,0,288952,0,59823
7,costa,El Oro,715751,38,9,2021,3419460,0,6462405,66933,2976012
6,amazonia,Morona Santiago,196535,20,5,2021,129756,0,152835,0,23079
8,costa,Guayas,4387434,27,6,2021,2672631,0,3886858,0,1214227
9,sierra,Pichincha,3228233,16,4,2021,961703,0,1235255,0,273552
5,costa,Los Ríos,921763,21,5,2021,452938,0,553617,0,100679
3,sierra,Bolívar,209933,18,5,2021,18770,0,22609,0,3839
1,sierra,Carchi,186869,12,3,2021,25413,0,27405,0,1992
5,costa,Santa Elena,401178,5,1,2022,1845310,198488,3637153,62403,1530952
6,amazonia,Morona Santiago,196535,42,10,2021,564921,0,1070958,49989,456048
4,costa,Sto. Domingo Tsáchilas,511151,5,1,2021,1152,0,1152,0,0
5,costa,Santa Elena,401178,17,4,2021,65509,0,81219,0,15710
5,costa,Santa Elena,401178,27,6,2021,228566,0,322469,0,93903
5,costa,Los Ríos,921763,15,4,2021,131066,0,151502,0,20436
2,amazonia,Orellana,161338,49,12,2021,493166,8363,897256,17895,377832
3,sierra,Bolívar,209933,18,4,2021,92367,0,115353,0,22986
5,costa,Los Ríos,921763,42,10,2021,3658862,0,6875376,153707,3062807
1,sierra,Carchi,186869,14,3,2021,27092,0,29752,0,2660
7,amazonia,Zamora Chinchipe,120416,4,1,2022,647244,91771,1316285,22743,554527
7,sierra,Loja,521154,25,6,2021,836167,0,1245115,0,408948
2,amazonia,Sucumbíos,230503,53,12,2021,994927,50000,1920826,50915,824984
7,costa,El Oro,715751,24,6,2021,700051,0,942329,0,242278
3,sierra,Chimborazo,524004,46,11,2021,2500869,47266,4541148,81583,1911430
9,sierra,Pichincha,3228233,5,1,2021,12007,0,12007,0,0
2,amazonia,Napo,133705,19,5,2021,116615,0,137539,0,20924
7,costa,El Oro,715751,34,8,2021,3448553,0,5448442,6173,1993716
1,costa,Esmeraldas,591083,4,1,2022,3106850,329684,6329590,233692,2659364
2,amazonia,Napo,133705,40,9,2021,411109,0,763423,11803,340511
3,sierra,Chimborazo,524004,30,7,2021,1558740,0,2008973,0,450233
2,amazonia,Napo,133705,49,11,2021,317279,7081,580805,9647,246798
6,amazonia,Morona Santiago,196535,43,10,2021,579876,244,1097094,52020,464954
7,costa,El Oro,715751,18,5,2021,60434,0,71623,0,11189
7,costa,El Oro,715751,41,10,2021,3519362,0,6642682,81560,3041760
2,amazonia,Pastaza,114202,4,1,2022,530178,83011,1117440,47494,456757
3,sierra,Chimborazo,524004,11,3,2021,18572,0,20713,0,2141
7,costa,El Oro,715751,10,3,2021,15293,0,16665,0,1372
2,amazonia,Orellana,161338,36,9,2021,376332,0,667755,5008,286415
9,sierra,Pichincha,3228233,12,3,2021,451513,0,493873,0,42360
1,costa,Esmeraldas,591083,2,1,2022,3041147,185459,6006127,212370,2567151
3,sierra,Bolívar,209933,40,9,2021,649213,0,1199778,26516,524049
1,costa,Esmeraldas,591083,41,10,2021,2324542,0,4374492,129410,1920540
6,amazonia,Morona Santiago,196535,6,2,2021,1140,0,1140,0,0
8,costa,Guayas,4387434,39,9,2021,17719597,0,33790609,547261,15523751
3,sierra,Cotopaxi,488716,38,9,2021,2058768,0,3958315,125499,1774048
4,costa,Sto. Domingo Tsáchilas,511151,23,5,2021,98094,0,127447,0,29353
2,amazonia,Napo,133705,8,2,2021,931,0,931,0,0
6,amazonia,Morona Santiago,196535,9,2,2021,2219,0,2403,0,184
1,sierra,Carchi,186869,4,1,2022,1231124,186121,2539103,57762,1064096
5,costa,Los Ríos,921763,10,2,2021,1596,0,1800,0,204
6,amazonia,Morona Santiago,196535,53,12,2021,653864,54763,1315146,63512,543007
2,amazonia,Napo,133705,3,1,2022,771842,57378,1520344,26057,665067
1,sierra,Carchi,186869,36,8,2021,457375,0,772417,3010,312032
7,costa,El Oro,715751,27,6,2021,519791,0,735384,0,215593
5,costa,Los Ríos,921763,43,10,2021,3775703,65,7021804,158045,3087991
1,sierra,Carchi,186869,32,8,2021,1033793,0,1294843,0,261050
7,sierra,Loja,521154,7,2,2021,2030,0,2030,0,0
3,sierra,Chimborazo,524004,14,3,2021,61432,0,64376,0,2944
5,insular,Galápagos,33042,14,4,2021,30097,0,31050,0,953
5,costa,Santa Elena,401178,10,2,2021,927,0,983,0,56
6,sierra,Azuay,881394,21,5,2021,887153,0,1170919,0,283766
7,costa,El Oro,715751,23,5,2021,173212,0,228322,0,55110
4,costa,Sto. Domingo Tsáchilas,511151,7,2,2021,2016,0,2016,0,0
3,sierra,Bolívar,209933,13,3,2021,32569,0,35575,0,3006
5,costa,Los Ríos,921763,5,1,2021,1664,0,1664,0,0
2,amazonia,Sucumbíos,230503,36,8,2021,371607,0,651935,6948,273380
1,costa,Esmeraldas,591083,28,7,2021,806519,0,1060949,0,254430
3,sierra,Tungurahua,590600,5,1,2021,238,0,238,0,0
7,amazonia,Zamora Chinchipe,120416,10,2,2021,646,0,792,0,146
3,sierra,Bolívar,209933,49,12,2021,654723,29324,1198648,26137,488464
3,sierra,Bolívar,209933,10,3,2021,6845,0,7175,0,330
4,costa,Sto. Domingo Tsáchilas,511151,43,10,2021,2019413,94,3835252,185375,1630370
2,amazonia,Napo,133705,14,4,2021,14253,0,18237,0,3984
5,costa,Los Ríos,921763,14,4,2021,51177,0,56966,0,5789
5,costa,Los Ríos,921763,52,12,2021,4605664,190586,8591593,181933,3613410
6,sierra,Azuay,881394,34,8,2021,4031674,0,6687114,3838,2651602
2,amazonia,Napo,133705,5,1,2022,669225,65892,1339061,22864,581080
3,sierra,Bolívar,209933,17,4,2021,84679,0,103152,0,18473
6,sierra,Azuay,881394,44,10,2021,4286329,29968,8118280,95212,3706771
4,costa,Manabí,1562079,8,2,2021,18225,0,19692,0,1467
2,amazonia,Orellana,161338,27,7,2021,74473,0,98778,0,24305
7,costa,El Oro,715751,10,2,2021,1780,0,2007,0,227
2,amazonia,Orellana,161338,17,4,2021,36794,0,47955,0,11161
7,amazonia,Zamora Chinchipe,120416,11,3,2021,9412,0,10434,0,1022
1,sierra,Carchi,186869,15,4,2021,56175,0,68942,0,12767
7,costa,El Oro,715751,23,6,2021,456976,0,608155,0,151179
2,amazonia,Sucumbíos,230503,37,9,2021,859082,0,1582429,29593,693754
1,sierra,Carchi,186869,30,7,2021,821415,0,996280,0,174865
2,amazonia,Sucumbíos,230503,5,1,2022,1032736,129384,2094702,54987,877595
3,sierra,Chimborazo,524004,17,4,2021,281001,0,324818,0,43817
4,costa,Manabí,1562079,23,5,2021,355968,0,474606,0,118638
2,amazonia,Pastaza,114202,31,7,2021,322691,0,403729,0,81038
1,costa,Esmeraldas,591083,29,7,2021,1283206,0,1575190,0,291984
1,sierra,Carchi,186869,28,7,2021,415433,0,562009,0,146576
2,amazonia,Pastaza,114202,6,2,2021,920,0,920,0,0
4,costa,Manabí,1562079,52,12,2021,9000013,397263,17561233,348003,7815954
2,amazonia,Napo,133705,27,7,2021,99039,0,132159,0,33120
6,sierra,Azuay,881394,4,1,2022,5035640,1045484,10969239,128589,4759526
3,sierra,Bolívar,209933,23,5,2021,67343,0,89298,0,21955
6,sierra,Cañar,281396,27,6,2021,183307,0,270996,0,87689
8,costa,Guayas,4387434,11,3,2021,256406,0,275306,0,18900
9,sierra,Pichincha,3228233,4,1,2021,4990,0,4990,0,0
7,amazonia,Zamora Chinchipe,120416,24,6,2021,118233,0,162298,0,44065
4,costa,Manabí,1562079,28,7,2021,2510289,0,3429049,0,918760
6,sierra,Cañar,281396,29,7,2021,570947,0,777902,0,206955
4,costa,Sto. Domingo Tsáchilas,511151,16,4,2021,108187,0,123432,0,15245
6,amazonia,Morona Santiago,196535,5,1,2022,709567,105111,1470795,75904,580213
5,costa,Los Ríos,921763,35,8,2021,3241170,0,5706208,32846,2432192
4,costa,Sto. Domingo Tsáchilas,511151,27,6,2021,261266,0,380685,0,119419
3,sierra,Chimborazo,524004,19,5,2021,418094,0,496642,0,78548
7,costa,El Oro,715751,49,11,2021,1755980,54567,3344085,38937,1494601
9,sierra,Pichincha,3228233,2,1,2022,19433814,2671541,41151525,406164,18640006
5,costa,Los Ríos,921763,48,11,2021,4214479,38167,7630487,171638,3206203
3,sierra,Tungurahua,590600,17,4,2021,174156,0,205817,0,31661
3,sierra,Tungurahua,590600,18,4,2021,195922,0,229334,0,33412
3,sierra,Tungurahua,590600,18,5,2021,39736,0,46251,0,6515
7,costa,El Oro,715751,22,5,2021,600586,0,776693,0,176107
1,sierra,Carchi,186869,7,2,2021,686,0,686,0,0
2,amazonia,Sucumbíos,230503,25,6,2021,211666,0,287686,0,76020
2,amazonia,Napo,133705,20,5,2021,134266,0,158162,0,23896
7,amazonia,Zamora Chinchipe,120416,18,4,2021,56559,0,65522,0,8963
1,sierra,Carchi,186869,3,1,2022,1226712,155806,2494302,54833,1056951
5,costa,Santa Elena,401178,38,9,2021,1528144,0,2865253,39464,1297645
1,costa,Esmeraldas,591083,36,9,2021,1276046,0,2344222,43930,1024246
2,amazonia,Pastaza,114202,46,11,2021,448832,5771,833709,32943,346163
2,amazonia,Orellana,161338,49,11,2021,367569,4948,664244,12731,278996
6,amazonia,Morona Santiago,196535,1,1,2022,109257,9398,220128,10672,90801
2,amazonia,Sucumbíos,230503,3,1,2022,1182421,96689,2336217,61552,995555
3,sierra,Tungurahua,590600,49,11,2021,1389633,44440,2637923,79937,1123913
7,sierra,Loja,521154,45,10,2021,404525,3982,742363,3601,330255
5,insular,Galápagos,33042,10,2,2021,652,0,865,0,213
4,costa,Manabí,1562079,7,2,2021,6925,0,6925,0,0
6,sierra,Cañar,281396,6,2,2021,786,0,786,0,0
9,sierra,Pichincha,3228233,27,6,2021,2951501,0,4287444,0,1335943
2,amazonia,Sucumbíos,230503,4,1,2022,1196348,124319,2396743,62961,1013115
2,amazonia,Pastaza,114202,45,11,2021,382012,3566,707915,27556,294781
4,costa,Manabí,1562079,10,2,2021,6760,0,7250,0,490
4,costa,Manabí,1562079,15,4,2021,257804,0,302934,0,45130
8,costa,Guayas,4387434,1,1,2022,3298003,203416,6438651,94033,2843199
5,costa,Santa Elena,401178,48,11,2021,1909635,39395,3412175,50049,1413096
5,insular,Galápagos,33042,24,6,2021,200827,0,341339,0,140512
7,sierra,Loja,521154,22,5,2021,685898,0,911743,0,225845
7,sierra,Loja,521154,36,9,2021,1418607,0,2588061,4282,1165172
5,costa,Santa Elena,401178,6,2,2021,654,0,654,0,0
8,costa,Guayas,4387434,8,2,2021,37574,0,42441,0,4867
6,sierra,Azuay,881394,41,10,2021,4049389,0,7729520,87943,3592188
2,amazonia,Pastaza,114202,27,7,2021,53671,0,78079,0,24408
6,sierra,Cañar,281396,43,10,2021,1080412,474,1993455,51541,861028
3,sierra,Cotopaxi,488716,8,2,2021,1680,0,1680,0,0
1,sierra,Imbabura,476257,18,5,2021,48919,0,56474,0,7555
7,costa,El Oro,715751,17,4,2021,313723,0,379281,0,65558
7,costa,El Oro,715751,46,11,2021,3950114,37150,7224376,88026,3149086
1,sierra,Imbabura,476257,38,9,2021,2153354,0,4170285,60012,1956919
2,amazonia,Sucumbíos,230503,7,2,2021,756,0,756,0,0
7,sierra,Loja,521154,26,6,2021,918059,0,1360476,0,442417
6,sierra,Azuay,881394,40,10,2021,1149078,0,2198306,24355,1024873
8,costa,Guayas,4387434,20,5,2021,2212001,0,2654046,0,442045
1,sierra,Carchi,186869,53,12,2021,1044431,87579,2069806,44012,893784
4,costa,Manabí,1562079,22,5,2021,1195869,0,1548688,0,352819
1,costa,Esmeraldas,591083,33,8,2021,2260241,0,3097617,324,837052
2,amazonia,Napo,133705,23,6,2021,109937,0,146662,0,36725
3,sierra,Bolívar,209933,19,5,2021,151944,0,181515,0,29571
4,costa,Sto. Domingo Tsáchilas,511151,3,1,2022,2597113,197204,5239256,227353,2217586
3,sierra,Cotopaxi,488716,12,3,2021,32732,0,33537,0,805
3,sierra,Chimborazo,524004,5,1,2022,2410240,482707,5138382,101884,2143551
7,amazonia,Zamora Chinchipe,120416,47,11,2021,580691,8640,1028675,14560,424784
3,sierra,Cotopaxi,488716,40,9,2021,1512428,0,2899055,101546,1285081
2,amazonia,Orellana,161338,12,3,2021,14859,0,15608,0,749
6,sierra,Cañar,281396,17,4,2021,87139,0,114193,0,27054
8,costa,Guayas,4387434,47,11,2021,21330079,196718,39242400,627322,17088281
4,costa,Sto. Domingo Tsáchilas,511151,26,6,2021,424348,0,612943,0,188595
5,costa,Santa Elena,401178,34,8,2021,1459290,0,2356841,5698,891853
5,costa,Los Ríos,921763,46,11,2021,4000112,6702,7305870,166494,3132562
2,amazonia,Orellana,161338,41,10,2021,694951,0,1275362,20573,559838
3,sierra,Cotopaxi,488716,41,10,2021,2167022,0,4117986,144731,1806233
4,costa,Sto. Domingo Tsáchilas,511151,47,11,2021,2321217,30152,4273495,186178,1735948
7,amazonia,Zamora Chinchipe,120416,52,12,2021,619237,37780,1188262,18819,512426
3,sierra,Tungurahua,590600,47,11,2021,3076826,56588,5781610,169696,2478500
7,amazonia,Zamora Chinchipe,120416,49,12,2021,346376,10497,636354,9406,270075
6,sierra,Azuay,881394,48,11,2021,4770425,202732,9170224,103918,4093149
6,sierra,Azuay,881394,28,7,2021,1723971,0,2551339,0,827368
7,costa,El Oro,715751,14,4,2021,59198,0,69559,0,10361
6,sierra,Azuay,881394,5,1,2021,4641,0,4641,0,0
7,sierra,Loja,521154,39,9,2021,2479505,0,4691381,18616,2193260
5,costa,Santa Elena,401178,12,3,2021,18582,0,21774,0,3192
1,sierra,Carchi,186869,47,11,2021,1185346,17570,2111866,40695,868255
7,sierra,Loja,521154,41,10,2021,2552840,0,4812090,23013,2236237
1,sierra,Carchi,186869,42,10,2021,1069376,0,1942546,32418,840752
2,amazonia,Pastaza,114202,17,4,2021,31348,0,36878,0,5530
3,sierra,Tungurahua,590600,40,10,2021,758445,0,1481467,44256,678766
6,amazonia,Morona Santiago,196535,33,8,2021,518351,0,750768,6,232411
2,amazonia,Sucumbíos,230503,14,4,2021,19694,0,22300,0,2606
7,amazonia,Zamora Chinchipe,120416,18,5,2021,11151,0,13079,0,1928
6,amazonia,Morona Santiago,196535,25,6,2021,176092,0,257143,0,81051
2,amazonia,Napo,133705,13,3,2021,28205,0,32145,0,3940
1,costa,Esmeraldas,591083,8,2,2021,5818,0,6111,0,293
7,costa,El Oro,715751,20,5,2021,473597,0,562326,0,88729
5,costa,Santa Elena,401178,36,9,2021,836241,0,1576301,21941,718119
1,sierra,Imbabura,476257,17,4,2021,194899,0,231355,0,36456
1,costa,Esmeraldas,591083,18,5,2021,40032,0,45512,0,5480
4,costa,Sto. Domingo Tsáchilas,511151,28,7,2021,585968,0,820656,0,234688
2,amazonia,Pastaza,114202,29,7,2021,217878,0,285842,0,67964
2,amazonia,Sucumbíos,230503,49,12,2021,637826,18703,1187319,31029,499761
6,sierra,Cañar,281396,41,10,2021,1028819,0,1907660,49235,829606
1,sierra,Carchi,186869,9,2,2021,4192,0,4524,0,332
7,costa,El Oro,715751,36,8,2021,1479006,0,2659556,13909,1166641
1,sierra,Imbabura,476257,45,11,2021,2118636,9861,3935215,68903,1737815
2,amazonia,Sucumbíos,230503,17,4,2021,72814,0,94700,0,21886
5,costa,Los Ríos,921763,40,10,2021,1018110,0,1923446,42246,863090
3,sierra,Cotopaxi,488716,42,10,2021,2210098,0,4167928,146675,1811155
7,sierra,Loja,521154,28,7,2021,1157925,0,1698769,0,540844
1,costa,Esmeraldas,591083,13,3,2021,50890,0,58945,0,8055
5,costa,Los Ríos,921763,7,2,2021,3041,0,3041,0,0
1,sierra,Imbabura,476257,7,2,2021,2268,0,2268,0,0
6,sierra,Cañar,281396,44,10,2021,1154816,3708,2103842,53015,892303
7,amazonia,Zamora Chinchipe,120416,31,7,2021,385981,0,500914,0,114933
6,sierra,Azuay,881394,3,1,2022,5011341,828557,10686274,122606,4723770
6,amazonia,Morona Santiago,196535,32,8,2021,499326,0,658404,0,159078
3,sierra,Cotopaxi,488716,27,7,2021,280050,0,415774,0,135724
4,costa,Manabí,1562079,14,3,2021,92389,0,113169,0,20780
2,amazonia,Napo,133705,32,8,2021,583551,0,719104,0,135553
3,sierra,Chimborazo,524004,26,6,2021,722260,0,1044057,0,321797
2,amazonia,Orellana,161338,39,9,2021,675903,0,1240763,13683,551177
8,costa,Guayas,4387434,52,12,2021,22879290,1191824,44201286,645053,19485119
4,costa,Sto. Domingo Tsáchilas,511151,4,1,2022,2625491,239953,5365728,237064,2263220
3,sierra,Chimborazo,524004,42,10,2021,2256669,0,4172640,78266,1837705
5,costa,Santa Elena,401178,28,7,2021,523401,0,709331,0,185930
1,costa,Esmeraldas,591083,47,11,2021,2809625,24455,5000607,155418,2011109
2,amazonia,Orellana,161338,6,2,2021,300,0,300,0,0
7,sierra,Loja,521154,33,8,2021,2484666,0,3594461,0,1109795
8,costa,Guayas,4387434,24,6,2021,3218212,0,4751451,0,1533239
5,costa,Los Ríos,921763,20,5,2021,391631,0,464228,0,72597
3,sierra,Tungurahua,590600,4,1,2022,3349259,647115,7337228,221133,3119721
7,sierra,Loja,521154,5,1,2022,2613877,563144,5689942,42051,2470870
3,sierra,Tungurahua,590600,19,5,2021,313563,0,367594,0,54031
8,costa,Guayas,4387434,6,1,2021,1532,0,1532,0,0
7,sierra,Loja,521154,10,3,2021,14387,0,15281,0,894
4,costa,Manabí,1562079,27,6,2021,1183260,0,1575143,0,391883
3,sierra,Tungurahua,590600,24,6,2021,601307,0,833732,0,232425
3,sierra,Cotopaxi,488716,14,3,2021,25832,0,33352,0,7520
3,sierra,Tungurahua,590600,36,9,2021,1475002,0,2817939,62046,1280891
8,costa,Guayas,4387434,5,1,2022,20484821,2465537,41435602,605576,17879668
3,sierra,Chimborazo,524004,39,9,2021,2197743,0,4065960,70208,1798009
3,sierra,Bolívar,209933,52,12,2021,1188146,112115,2297691,47004,950426
9,sierra,Pichincha,3228233,26,6,2021,4793366,0,6965138,0,2171772
5,costa,Santa Elena,401178,45,11,2021,1501810,1275,2713558,41112,1169361
2,amazonia,Orellana,161338,10,3,2021,5104,0,5278,0,174
3,sierra,Cotopaxi,488716,7,2,2021,1680,0,1680,0,0
2,amazonia,Sucumbíos,230503,23,5,2021,47633,0,62309,0,14676
5,costa,Santa Elena,401178,23,5,2021,62681,0,81281,0,18600
5,costa,Santa Elena,401178,1,1,2022,300260,18018,567078,9011,239789
9,sierra,Pichincha,3228233,14,3,2021,354346,0,424182,0,69836
3,sierra,Tungurahua,590600,9,2,2021,5697,0,6252,0,555
6,sierra,Cañar,281396,49,11,2021,552324,21446,1062160,23859,464531
4,costa,Sto. Domingo Tsáchilas,511151,36,9,2021,1014187,0,1950828,86106,850535
6,amazonia,Morona Santiago,196535,51,12,2021,742280,48100,1464920,68855,605685
5,costa,Santa Elena,401178,53,12,2021,1797044,105001,3380700,53196,1425459
6,sierra,Cañar,281396,9,2,2021,4017,0,4479,0,462
2,amazonia,Sucumbíos,230503,51,12,2021,1145396,47148,2179949,57456,929949
1,sierra,Imbabura,476257,40,10,2021,629318,0,1219550,20540,569692
3,sierra,Tungurahua,590600,10,3,2021,8465,0,9575,0,1110
6,sierra,Azuay,881394,29,7,2021,2531272,0,3467860,0,936588
2,amazonia,Orellana,161338,2,1,2022,901320,47584,1730406,35566,745936
8,costa,Guayas,4387434,34,8,2021,17322610,0,26468838,28450,9117778
4,costa,Manabí,1562079,1,1,2022,1292541,67750,2548773,50651,1137831
3,sierra,Chimborazo,524004,10,3,2021,9014,0,9829,0,815
1,sierra,Imbabura,476257,27,6,2021,449531,0,612944,0,163413
7,sierra,Loja,521154,29,7,2021,1515657,0,2116530,0,600873
2,amazonia,Pastaza,114202,49,12,2021,282316,11128,540939,21232,226263
2,amazonia,Pastaza,114202,37,9,2021,373096,0,702951,14842,315013
5,costa,Santa Elena,401178,44,10,2021,1720788,824,3128399,47241,1359546
4,costa,Manabí,1562079,50,12,2021,8837909,255739,16709035,336824,7278563
6,sierra,Cañar,281396,13,3,2021,44949,0,48667,0,3718
7,sierra,Loja,521154,1,1,2022,429460,51081,884635,5140,398954
6,sierra,Azuay,881394,50,12,2021,4907361,325990,9611306,108701,4269254
4,costa,Manabí,1562079,27,7,2021,937074,0,1274411,0,337337
2,amazonia,Sucumbíos,230503,2,1,2022,1168480,67668,2271508,60157,975203
3,sierra,Tungurahua,590600,45,10,2021,420182,2334,788874,23751,342607
3,sierra,Bolívar,209933,21,5,2021,199128,0,241806,0,42678
1,costa,Esmeraldas,591083,42,10,2021,2346801,0,4406444,132979,1926664
8,costa,Guayas,4387434,44,10,2021,20004398,8055,36889506,622541,16254512
6,amazonia,Morona Santiago,196535,22,5,2021,140649,0,193895,0,53246
2,amazonia,Napo,133705,27,6,2021,126724,0,169699,0,42975
2,amazonia,Napo,133705,28,7,2021,270087,0,348850,0,78763
6,sierra,Azuay,881394,5,1,2022,4325074,1009996,9540838,112171,4093597
6,amazonia,Morona Santiago,196535,26,6,2021,188460,0,283227,0,94767
3,sierra,Tungurahua,590600,16,4,2021,122648,0,146216,0,23568
8,costa,Guayas,4387434,18,5,2021,234567,0,284329,0,49762
2,amazonia,Pastaza,114202,13,3,2021,10613,0,12266,0,1653
6,sierra,Azuay,881394,32,8,2021,3934179,0,5225258,0,1291079
1,sierra,Carchi,186869,26,6,2021,296680,0,424069,0,127389
1,sierra,Carchi,186869,2,1,2022,1221898,118666,2441901,52571,1048766
5,costa,Los Ríos,921763,27,6,2021,564582,0,767564,0,202982
1,sierra,Imbabura,476257,49,12,2021,1514970,72974,2976279,52121,1336214
6,sierra,Azuay,881394,45,11,2021,3706613,49618,7038295,82203,3199861
5,costa,Los Ríos,921763,32,8,2021,3233093,0,4175834,0,942741
7,costa,El Oro,715751,12,3,2021,78862,0,81716,0,2854
2,amazonia,Napo,133705,51,12,2021,753584,33399,1426017,24273,614761
1,sierra,Carchi,186869,13,3,2021,40175,0,43720,0,3545
8,costa,Guayas,4387434,16,4,2021,885963,0,1085557,0,199594
6,amazonia,Morona Santiago,196535,14,3,2021,21162,0,23562,0,2400
1,sierra,Imbabura,476257,25,6,2021,671208,0,913851,0,242643
3,sierra,Chimborazo,524004,50,12,2021,2723541,175519,5155561,89232,2167269
3,sierra,Bolívar,209933,45,11,2021,863805,2450,1549519,36745,646519
3,sierra,Cotopaxi,488716,1,1,2022,387305,35602,790647,27394,340346
5,insular,Galápagos,33042,53,12,2021,178784,70004,419657,0,170869
7,amazonia,Zamora Chinchipe,120416,50,12,2021,610950,22751,1134680,17205,483774
1,sierra,Imbabura,476257,6,2,2021,1944,0,1944,0,0
8,costa,Guayas,4387434,10,3,2021,142185,0,151021,0,8836
6,sierra,Cañar,281396,21,5,2021,184874,0,228654,0,43780
1,costa,Esmeraldas,591083,38,9,2021,2244096,0,4226045,108074,1873875
7,sierra,Loja,521154,49,12,2021,1697770,111151,3335534,16800,1509813
4,costa,Manabí,1562079,31,7,2021,5888358,0,7129883,0,1241525
2,amazonia,Pastaza,114202,19,5,2021,57808,0,68288,0,10480
7,sierra,Loja,521154,32,8,2021,2414853,0,3236876,0,822023
2,amazonia,Sucumbíos,230503,18,5,2021,16038,0,19252,0,3214
1,sierra,Carchi,186869,23,6,2021,174802,0,244833,0,70031
3,sierra,Tungurahua,590600,30,7,2021,1983638,0,2459374,0,475736
1,costa,Esmeraldas,591083,14,3,2021,34278,0,39970,0,5692
1,sierra,Carchi,186869,48,11,2021,1198533,31065,2160386,42083,888705
3,sierra,Tungurahua,590600,40,9,2021,1881812,0,3683656,107457,1694387
2,amazonia,Orellana,161338,31,7,2021,573642,0,659253,0,85611
8,costa,Guayas,4387434,30,7,2021,11616505,0,14660052,0,3043547
9,sierra,Pichincha,3228233,23,6,2021,2473474,0,3538555,0,1065081
6,sierra,Cañar,281396,49,12,2021,743383,34028,1434111,32172,624528
5,costa,Los Ríos,921763,53,12,2021,3975408,179856,7479158,158098,3165796
9,sierra,Pichincha,3228233,40,10,2021,4629958,0,8927008,100155,4196895
1,sierra,Carchi,186869,44,10,2021,1125351,3101,2021689,37063,856174
7,costa,El Oro,715751,15,4,2021,146518,0,178699,0,32181
2,amazonia,Sucumbíos,230503,21,5,2021,156643,0,192233,0,35590
6,sierra,Cañar,281396,5,1,2021,917,0,917,0,0
8,costa,Guayas,4387434,35,8,2021,17325073,0,29468184,104496,12038615
2,amazonia,Sucumbíos,230503,6,2,2021,648,0,648,0,0
5,insular,Galápagos,33042,8,2,2021,3101,0,3101,0,0
3,sierra,Chimborazo,524004,4,1,2022,2804935,508639,5913593,116398,2483621
9,sierra,Pichincha,3228233,53,12,2021,16597476,1858692,34654188,341966,15856054
3,sierra,Cotopaxi,488716,31,7,2021,1829486,0,2269880,0,440394
7,amazonia,Zamora Chinchipe,120416,38,9,2021,466031,0,840213,9132,365050
2,amazonia,Pastaza,114202,50,12,2021,498981,23916,964989,38113,403979
5,insular,Galápagos,33042,22,5,2021,190968,0,290589,0,99621
7,costa,El Oro,715751,28,7,2021,1177563,0,1658933,0,481370
3,sierra,Tungurahua,590600,41,10,2021,2673837,0,5210806,158390,2378579
2,amazonia,Pastaza,114202,2,1,2022,516544,51359,1055558,41843,445812
3,sierra,Chimborazo,524004,29,7,2021,1200679,0,1619198,0,418519
3,sierra,Bolívar,209933,29,7,2021,599358,0,815877,0,216519
3,sierra,Chimborazo,524004,47,11,2021,2566004,77024,4665696,82185,1940483
6,sierra,Azuay,881394,39,9,2021,3966839,0,7617699,77060,3573800
2,amazonia,Napo,133705,47,11,2021,711140,10377,1249334,21030,506787
1,costa,Esmeraldas,591083,24,6,2021,466613,0,614966,0,148353
2,amazonia,Pastaza,114202,25,6,2021,101274,0,134106,0,32832
1,sierra,Imbabura,476257,27,7,2021,356824,0,495948,0,139124
7,sierra,Loja,521154,47,11,2021,2915587,106223,5456064,26973,2407281
2,amazonia,Sucumbíos,230503,30,7,2021,668271,0,782249,0,113978
4,costa,Manabí,1562079,23,6,2021,979780,0,1284842,0,305062
7,sierra,Loja,521154,14,3,2021,69542,0,80677,0,11135
5,insular,Galápagos,33042,49,11,2021,88495,5512,177770,0,83763
1,costa,Esmeraldas,591083,49,11,2021,1256191,19907,2316860,78268,962494
7,amazonia,Zamora Chinchipe,120416,42,10,2021,499832,0,903058,12277,390949
3,sierra,Chimborazo,524004,9,2,2021,10499,0,11444,0,945
8,costa,Guayas,4387434,4,1,2022,23760180,2504112,47648503,698667,20685544
5,costa,Santa Elena,401178,51,12,2021,2055675,102003,3779860,58493,1563689
6,sierra,Cañar,281396,7,2,2021,917,0,1049,0,132
3,sierra,Chimborazo,524004,51,12,2021,2742330,213685,5302384,91619,2254750
3,sierra,Chimborazo,524004,41,10,2021,2230543,0,4134377,76419,1827415
1,sierra,Carchi,186869,6,1,2021,98,0,98,0,0
6,sierra,Azuay,881394,52,12,2021,4941984,486448,10070375,110723,4531220
1,costa,Esmeraldas,591083,22,5,2021,380736,0,476920,0,96184
5,insular,Galápagos,33042,10,3,2021,3912,0,5190,0,1278
3,sierra,Cotopaxi,488716,53,12,2021,2320982,205470,4722847,163349,2033046
3,sierra,Bolívar,209933,48,11,2021,1101250,27168,1987486,44661,814407
1,sierra,Carchi,186869,43,10,2021,1081426,70,1965767,35146,849125
2,amazonia,Orellana,161338,3,1,2022,912515,57226,1760218,35218,755259
9,sierra,Pichincha,3228233,46,11,2021,18339283,313963,34689609,365555,15670808
5,costa,Santa Elena,401178,27,7,2021,178872,0,253367,0,74495
3,sierra,Tungurahua,590600,26,6,2021,745172,0,1058965,0,313793
7,sierra,Loja,521154,13,3,2021,109678,0,116939,0,7261
3,sierra,Tungurahua,590600,15,4,2021,91201,0,110838,0,19637
2,amazonia,Orellana,161338,15,4,2021,29430,0,36299,0,6869
2,amazonia,Sucumbíos,230503,27,6,2021,158989,0,205635,0,46646
1,sierra,Carchi,186869,45,11,2021,984109,6522,1758118,32479,735008
6,amazonia,Morona Santiago,196535,27,6,2021,111528,0,166958,0,55430
3,sierra,Bolívar,209933,43,10,2021,965643,147,1756087,42447,747850
2,amazonia,Sucumbíos,230503,47,11,2021,1061018,15652,1908068,49449,781949
1,sierra,Carchi,186869,31,7,2021,943485,0,1147734,0,204249
6,amazonia,Morona Santiago,196535,49,11,2021,308778,13243,593432,27414,243997
1,sierra,Carchi,186869,16,4,2021,61363,0,81229,0,19866
6,amazonia,Morona Santiago,196535,21,5,2021,131463,0,164589,0,33126
7,costa,El Oro,715751,26,6,2021,863476,0,1194740,0,331264
3,sierra,Chimborazo,524004,45,10,2021,352916,2684,636448,11516,269332
7,costa,El Oro,715751,2,1,2022,4222726,379328,8503904,104973,3796877
5,costa,Santa Elena,401178,41,10,2021,1626468,0,2999488,42713,1330307
5,insular,Galápagos,33042,33,8,2021,223412,0,387336,0,163924
5,costa,Los Ríos,921763,19,5,2021,322072,0,387143,0,65071
5,costa,Los Ríos,921763,3,1,2022,4758316,315251,9149705,198493,3877645
1,sierra,Imbabura,476257,36,9,2021,1223525,0,2315972,20638,1071809
4,costa,Manabí,1562079,21,5,2021,1064027,0,1317307,0,253280
6,sierra,Azuay,881394,23,5,2021,285455,0,403405,0,117950
1,sierra,Carchi,186869,24,6,2021,252312,0,361784,0,109472
7,sierra,Loja,521154,8,2,2021,2030,0,2030,0,0
6,sierra,Azuay,881394,11,3,2021,75653,0,82511,0,6858
2,amazonia,Napo,133705,14,3,2021,17490,0,21327,0,3837
7,sierra,Loja,521154,31,7,2021,2246664,0,2970582,0,723918
7,costa,El Oro,715751,19,5,2021,444190,0,523118,0,78928
9,sierra,Pichincha,3228233,22,5,2021,3173136,0,4273111,0,1099975
8,costa,Guayas,4387434,13,3,2021,435615,0,514357,0,78742
6,sierra,Cañar,281396,8,2,2021,1541,0,2003,0,462
4,costa,Manabí,1562079,48,11,2021,8619869,122368,15982366,325383,6914746
3,sierra,Bolívar,209933,41,10,2021,930476,0,1713392,40790,742126
7,sierra,Loja,521154,45,11,2021,2433565,32243,4477076,21719,1989549
7,costa,El Oro,715751,53,12,2021,3603378,254049,7168137,86370,3224340
2,amazonia,Orellana,161338,52,12,2021,888404,31709,1676835,35276,721446
4,costa,Manabí,1562079,11,3,2021,77969,0,85468,0,7499
4,costa,Sto. Domingo Tsáchilas,511151,2,1,2022,2569645,148436,5099346,213813,2167452
3,sierra,Chimborazo,524004,43,10,2021,2330881,281,4259353,79288,1848903
5,costa,Los Ríos,921763,14,3,2021,61065,0,68575,0,7510
3,sierra,Chimborazo,524004,40,10,2021,634553,0,1176269,21434,520282
4,costa,Sto. Domingo Tsáchilas,511151,53,12,2021,2187666,105059,4296136,176326,1827085
3,sierra,Tungurahua,590600,1,1,2022,474019,44540,982455,28460,435436
2,amazonia,Sucumbíos,230503,9,2,2021,4102,0,4473,0,371
3,sierra,Cotopaxi,488716,19,5,2021,284832,0,319946,0,35114
5,costa,Los Ríos,921763,12,3,2021,57112,0,62639,0,5527
2,amazonia,Sucumbíos,230503,45,10,2021,141153,595,256071,6660,107663
6,sierra,Cañar,281396,45,11,2021,1007567,7065,1832629,45768,772229
2,amazonia,Sucumbíos,230503,40,9,2021,634036,0,1182570,27766,520768
3,sierra,Cotopaxi,488716,28,7,2021,803276,0,1146503,0,343227
1,costa,Esmeraldas,591083,15,4,2021,88225,0,104577,0,16352
1,costa,Esmeraldas,591083,7,2,2021,1652,0,1652,0,0
4,costa,Sto. Domingo Tsáchilas,511151,10,2,2021,1564,0,1708,0,144
3,sierra,Tungurahua,590600,45,11,2021,2530485,17167,4747408,142797,2056959
6,sierra,Azuay,881394,25,6,2021,1285617,0,1890348,0,604731
6,amazonia,Morona Santiago,196535,36,8,2021,224345,0,401964,6708,170911
1,sierra,Carchi,186869,19,5,2021,195110,0,222952,0,27842
4,costa,Sto. Domingo Tsáchilas,511151,40,9,2021,1309882,0,2594242,131063,1153297
5,costa,Los Ríos,921763,29,7,2021,1687688,0,2186563,0,498875
5,insular,Galápagos,33042,51,12,2021,207767,62056,467580,0,197757
2,amazonia,Sucumbíos,230503,36,9,2021,490904,0,886362,11265,384193
2,amazonia,Napo,133705,10,3,2021,7797,0,8199,0,402
5,costa,Santa Elena,401178,45,10,2021,249875,162,451576,6818,194721
1,sierra,Carchi,186869,10,2,2021,856,0,904,0,48
3,sierra,Cotopaxi,488716,39,9,2021,2075690,0,4006439,140397,1790352
5,insular,Galápagos,33042,32,8,2021,223412,0,383902,0,160490
8,costa,Guayas,4387434,25,6,2021,3633685,0,5414583,0,1780898
2,amazonia,Napo,133705,43,10,2021,620871,65,1123226,19371,482919
2,amazonia,Sucumbíos,230503,43,10,2021,932646,51,1720032,43894,743441
9,sierra,Pichincha,3228233,38,9,2021,15720283,0,30515563,301570,14493710
5,costa,Santa Elena,401178,18,5,2021,15809,0,18325,0,2516
2,amazonia,Orellana,161338,1,1,2022,128189,6266,245366,5076,105835
9,sierra,Pichincha,3228233,31,7,2021,14211221,0,18048708,0,3837487
4,costa,Manabí,1562079,37,9,2021,6869410,0,13134841,202432,6062999
5,costa,Santa Elena,401178,26,6,2021,365299,0,521212,0,155913
2,amazonia,Pastaza,114202,36,9,2021,212967,0,393818,6318,174533
4,costa,Manabí,1562079,35,8,2021,6914086,0,11647739,38863,4694790
3,sierra,Cotopaxi,488716,34,8,2021,2056600,0,3195133,416,1138117
2,amazonia,Orellana,161338,35,8,2021,676470,0,1079495,4254,398771
4,costa,Sto. Domingo Tsáchilas,511151,11,3,2021,21071,0,23291,0,2220
7,costa,El Oro,715751,25,6,2021,772788,0,1063993,0,291205
8,costa,Guayas,4387434,45,10,2021,2895482,2019,5331836,89152,2345183
1,sierra,Imbabura,476257,2,1,2022,2709886,281838,5681826,106043,2584059
1,sierra,Carchi,186869,5,1,2022,1057186,175594,2199430,51150,915500
9,sierra,Pichincha,3228233,42,10,2021,16486877,0,31620957,358466,14775614
1,costa,Esmeraldas,591083,40,10,2021,660852,0,1245316,36532,547932
5,insular,Galápagos,33042,23,5,2021,55394,0,92715,0,37321
1,costa,Esmeraldas,591083,26,6,2021,597866,0,783499,0,185633
1,sierra,Imbabura,476257,44,10,2021,2414271,5094,4522080,79514,2023201
6,sierra,Azuay,881394,26,6,2021,1407152,0,2099162,0,692010
6,amazonia,Morona Santiago,196535,18,5,2021,16016,0,18655,0,2639
8,costa,Guayas,4387434,33,8,2021,17318993,0,23582927,205,6263729
2,amazonia,Sucumbíos,230503,19,5,2021,126938,0,153273,0,26335
7,amazonia,Zamora Chinchipe,120416,2,1,2022,624800,53162,1224699,19834,526903
1,costa,Esmeraldas,591083,5,1,2022,2678274,321083,5505727,205912,2300458
4,costa,Manabí,1562079,13,3,2021,136166,0,163517,0,27351
8,costa,Guayas,4387434,50,12,2021,22532123,733989,42408906,635357,18507437
3,sierra,Bolívar,209933,44,10,2021,994061,893,1789577,42668,751955
1,sierra,Carchi,186869,45,10,2021,163240,904,291948,5381,122423
2,amazonia,Pastaza,114202,10,3,2021,2880,0,3432,0,552
2,amazonia,Orellana,161338,27,6,2021,91872,0,123775,0,31903
7,sierra,Loja,521154,42,10,2021,2570513,0,4842848,23837,2248498
5,costa,Santa Elena,401178,33,8,2021,1459290,0,2132921,0,673631
5,insular,Galápagos,33042,18,5,2021,17798,0,22965,0,5167
2,amazonia,Napo,133705,35,8,2021,598472,0,955046,6687,349887
9,sierra,Pichincha,3228233,18,4,2021,1351244,0,1688582,0,337338
6,sierra,Azuay,881394,31,7,2021,3752763,0,4861133,0,1108370
1,sierra,Imbabura,476257,1,1,2022,386080,35444,803639,14639,367476
1,sierra,Carchi,186869,11,3,2021,13412,0,14188,0,776
2,amazonia,Pastaza,114202,1,1,2022,73416,6394,148953,5864,63279
5,costa,Los Ríos,921763,6,2,2021,2550,0,2550,0,0
3,sierra,Tungurahua,590600,10,2,2021,1409,0,1594,0,185
7,sierra,Loja,521154,27,7,2021,433735,0,646627,0,212892
6,sierra,Cañar,281396,50,12,2021,1309206,74773,2544173,57129,1103065
2,amazonia,Napo,133705,30,7,2021,452306,0,545736,0,93430
5,insular,Galápagos,33042,12,3,2021,66574,0,68065,0,1491
7,sierra,Loja,521154,44,10,2021,2761942,18568,5102182,24819,2296853
5,costa,Santa Elena,401178,22,5,2021,212779,0,261223,0,48444
5,costa,Los Ríos,921763,10,3,2021,16199,0,17426,0,1227
8,costa,Guayas,4387434,53,12,2021,19727418,1166154,38409262,559827,16955863
1,sierra,Imbabura,476257,49,11,2021,1134408,46717,2211072,38300,991647
1,sierra,Carchi,186869,14,4,2021,21625,0,25614,0,3989
9,sierra,Pichincha,3228233,32,8,2021,15352528,0,20097205,3,4744674
2,amazonia,Pastaza,114202,48,11,2021,480532,12890,902808,35530,373856
5,costa,Los Ríos,921763,36,9,2021,1840787,0,3541014,72888,1627339
7,amazonia,Zamora Chinchipe,120416,48,11,2021,593316,13350,1062612,15211,440735
1,sierra,Imbabura,476257,43,10,2021,2305209,715,4396448,77361,2013163
9,sierra,Pichincha,3228233,36,8,2021,6737615,0,12506485,52888,5715982
3,sierra,Cotopaxi,488716,45,10,2021,348606,1609,635592,21787,263590
2,amazonia,Napo,133705,53,12,2021,653978,35797,1266725,21610,555340
3,sierra,Tungurahua,590600,7,2,2021,2576,0,2576,0,0
6,amazonia,Morona Santiago,196535,34,8,2021,522277,0,840472,2197,315998
2,amazonia,Sucumbíos,230503,32,8,2021,834488,0,1024761,0,190273
5,costa,Santa Elena,401178,49,11,2021,840467,22989,1503801,22149,618196
7,amazonia,Zamora Chinchipe,120416,36,9,2021,263663,0,458759,3457,191639
2,amazonia,Pastaza,114202,30,7,2021,278889,0,351825,0,72936
3,sierra,Bolívar,209933,3,1,2022,1216436,162585,2448872,48798,1021053
8,costa,Guayas,4387434,15,4,2021,750473,0,912669,0,162196
3,sierra,Tungurahua,590600,2,1,2022,3323625,377033,6962961,203131,3059172
3,sierra,Cotopaxi,488716,29,7,2021,1206221,0,1578647,0,372426
4,costa,Manabí,1562079,49,11,2021,3739607,66628,6965826,140432,3019159
3,sierra,Bolívar,209933,7,2,2021,763,0,763,0,0
3,sierra,Chimborazo,524004,23,5,2021,148401,0,200593,0,52192
2,amazonia,Orellana,161338,51,12,2021,879237,28143,1637511,34688,695443
2,amazonia,Orellana,161338,26,6,2021,149904,0,202395,0,52491
3,sierra,Cotopaxi,488716,13,3,2021,39710,0,46527,0,6817
7,costa,El Oro,715751,31,7,2021,3138964,0,3828068,0,689104
1,costa,Esmeraldas,591083,16,4,2021,99185,0,124564,0,25379
3,sierra,Chimborazo,524004,13,3,2021,79192,0,84343,0,5151
7,amazonia,Zamora Chinchipe,120416,35,8,2021,469116,0,754905,3274,282515
2,amazonia,Sucumbíos,230503,29,7,2021,529434,0,629241,0,99807
1,sierra,Imbabura,476257,15,4,2021,119718,0,137844,0,18126
2,amazonia,Napo,133705,9,2,2021,2593,0,2794,0,201
2,amazonia,Napo,133705,10,2,2021,709,0,776,0,67
2,amazonia,Orellana,161338,20,5,2021,106898,0,123570,0,16672
9,sierra,Pichincha,3228233,43,10,2021,16865690,37277,32232013,360037,14969009
8,costa,Guayas,4387434,48,11,2021,21826220,338606,40382791,628323,17589642
3,sierra,Bolívar,209933,40,10,2021,262882,0,485888,11396,211610
6,sierra,Cañar,281396,14,3,2021,30940,0,34107,0,3167
2,amazonia,Napo,133705,23,5,2021,43281,0,56707,0,13426
5,costa,Santa Elena,401178,21,5,2021,190472,0,222441,0,31969
4,costa,Sto. Domingo Tsáchilas,511151,34,8,2021,1772155,0,2723385,15551,935679
7,costa,El Oro,715751,9,2,2021,5941,0,6430,0,489
5,costa,Santa Elena,401178,47,11,2021,1834532,13555,3283246,49365,1385794
3,sierra,Tungurahua,590600,29,7,2021,1523197,0,1972873,0,449676
3,sierra,Cotopaxi,488716,35,8,2021,2062220,0,3516926,29303,1425403
4,costa,Manabí,1562079,5,1,2022,7923805,985404,16382172,341503,7131460
7,costa,El Oro,715751,13,3,2021,118373,0,126414,0,8041
5,insular,Galápagos,33042,45,10,2021,29141,0,54938,0,25797
2,amazonia,Orellana,161338,10,2,2021,435,0,464,0,29
6,sierra,Azuay,881394,49,12,2021,2794677,156791,5417214,61456,2404290
5,costa,Santa Elena,401178,6,1,2021,109,0,109,0,0
8,costa,Guayas,4387434,31,7,2021,14239656,0,17629884,0,3390228
2,amazonia,Orellana,161338,53,12,2021,766953,32730,1461465,30414,631368
6,sierra,Azuay,881394,8,2,2021,9233,0,12200,0,2967
6,sierra,Cañar,281396,38,9,2021,975491,0,1831259,42680,813088
7,costa,El Oro,715751,50,12,2021,4140131,176717,8006594,94349,3595397
9,sierra,Pichincha,3228233,48,11,2021,18989854,679983,36708743,375646,16663260
2,amazonia,Orellana,161338,14,3,2021,13152,0,16044,0,2892
5,insular,Galápagos,33042,50,12,2021,207281,34241,438369,0,196847
4,costa,Manabí,1562079,17,4,2021,483282,0,567349,0,84067
6,sierra,Azuay,881394,15,4,2021,291183,0,354181,0,62998
5,insular,Galápagos,33042,36,9,2021,124932,0,227390,0,102458
2,amazonia,Pastaza,114202,28,7,2021,150369,0,213057,0,62688
2,amazonia,Sucumbíos,230503,28,7,2021,341876,0,430435,0,88559
2,amazonia,Sucumbíos,230503,6,1,2021,108,0,108,0,0
4,costa,Sto. Domingo Tsáchilas,511151,48,11,2021,2401186,39641,4454732,186941,1826964
5,costa,Santa Elena,401178,37,9,2021,1498609,0,2819832,39297,1281926
7,sierra,Loja,521154,2,1,2022,3011393,400827,6254507,37308,2804979
7,sierra,Loja,521154,15,4,2021,166745,0,200274,0,33529
1,sierra,Imbabura,476257,23,6,2021,381287,0,527748,0,146461
5,insular,Galápagos,33042,9,2,2021,3579,0,4094,0,515
8,costa,Guayas,4387434,12,3,2021,332539,0,377453,0,44914
2,amazonia,Napo,133705,40,10,2021,166278,0,307947,5014,136655
4,costa,Sto. Domingo Tsáchilas,511151,17,4,2021,139008,0,164014,0,25006
7,amazonia,Zamora Chinchipe,120416,14,3,2021,8810,0,11156,0,2346
5,costa,Los Ríos,921763,23,6,2021,395732,0,529879,0,134147
6,sierra,Azuay,881394,6,1,2021,663,0,663,0,0
4,costa,Sto. Domingo Tsáchilas,511151,52,12,2021,2539636,104333,4943220,202805,2096446
7,costa,El Oro,715751,18,4,2021,316444,0,378980,0,62536
4,costa,Sto. Domingo Tsáchilas,511151,6,2,2021,1728,0,1728,0,0
2,amazonia,Napo,133705,18,5,2021,14829,0,17727,0,2898
1,sierra,Carchi,186869,5,1,2021,490,0,490,0,0
9,sierra,Pichincha,3228233,49,12,2021,10940275,560793,21607690,218002,9888620
2,amazonia,Sucumbíos,230503,34,8,2021,867041,0,1322834,476,455317
6,sierra,Azuay,881394,4,1,2021,1326,0,1326,0,0
1,sierra,Imbabura,476257,22,5,2021,476629,0,634174,0,157545
4,costa,Sto. Domingo Tsáchilas,511151,50,12,2021,2490984,63557,4715136,194406,1966189
2,amazonia,Napo,133705,45,10,2021,96997,379,170095,2857,69862
5,costa,Santa Elena,401178,13,3,2021,29989,0,33585,0,3596
3,sierra,Tungurahua,590600,46,11,2021,2995433,37016,5633343,168148,2432746
1,sierra,Imbabura,476257,51,12,2021,2671753,175111,5388998,95821,2446313
9,sierra,Pichincha,3228233,14,4,2021,287350,0,349738,0,62388
5,costa,Los Ríos,921763,11,3,2021,35756,0,38338,0,2582
5,costa,Los Ríos,921763,9,2,2021,11172,0,12600,0,1428
1,sierra,Carchi,186869,40,10,2021,302614,0,549938,8072,239252
3,sierra,Bolívar,209933,1,1,2022,171081,18449,337309,6768,141011
2,amazonia,Pastaza,114202,51,12,2021,506145,31873,996391,39301,419072
3,sierra,Cotopaxi,488716,17,4,2021,133020,0,155658,0,22638
6,sierra,Azuay,881394,13,3,2021,173249,0,202179,0,28930
7,amazonia,Zamora Chinchipe,120416,27,6,2021,84770,0,124915,0,40145
3,sierra,Tungurahua,590600,28,7,2021,1061069,0,1475255,0,414186
3,sierra,Bolívar,209933,42,10,2021,945942,0,1732572,41856,744774
7,costa,El Oro,715751,40,10,2021,997374,0,1887664,22894,867396
6,sierra,Cañar,281396,39,9,2021,983533,0,1851982,45848,822601
7,sierra,Loja,521154,16,4,2021,222753,0,272555,0,49802
9,sierra,Pichincha,3228233,13,3,2021,553244,0,637390,0,84146
6,sierra,Azuay,881394,33,8,2021,4028011,0,5879883,0,1851872
5,costa,Santa Elena,401178,52,12,2021,2085835,113766,3884350,60274,1624475
5,costa,Santa Elena,401178,23,6,2021,163782,0,223829,0,60047
6,amazonia,Morona Santiago,196535,18,4,2021,81275,0,97109,0,15834
7,sierra,Loja,521154,35,8,2021,2507818,0,4312733,2127,1802788
4,costa,Sto. Domingo Tsáchilas,511151,39,9,2021,1804364,0,3588397,177599,1606434
2,amazonia,Sucumbíos,230503,1,1,2022,166287,8620,321567,8517,138143
5,costa,Los Ríos,921763,44,10,2021,3890420,296,7160773,161275,3108782
3,sierra,Chimborazo,524004,21,5,2021,465900,0,598773,0,132873
6,sierra,Azuay,881394,27,7,2021,659474,0,983127,0,323653
5,costa,Los Ríos,921763,18,5,2021,39697,0,48591,0,8894
2,amazonia,Pastaza,114202,40,10,2021,112337,0,213699,7610,93752
4,costa,Sto. Domingo Tsáchilas,511151,49,11,2021,1045053,19962,1955253,80487,809751
6,sierra,Azuay,881394,43,10,2021,4184154,1333,7934793,94250,3655056
3,sierra,Tungurahua,590600,6,2,2021,1872,0,1872,0,0
2,amazonia,Sucumbíos,230503,44,10,2021,970970,2175,1768839,45135,750559
8,costa,Guayas,4387434,42,10,2021,19030800,0,35486506,615878,15839828
2,amazonia,Napo,133705,7,2,2021,931,0,931,0,0
3,sierra,Cotopaxi,488716,37,9,2021,2041324,0,3893262,103930,1748008
6,sierra,Azuay,881394,46,11,2021,4394557,94465,8348810,97078,3762710
6,sierra,Azuay,881394,1,1,2022,708476,79942,1464203,16102,659683
1,costa,Esmeraldas,591083,45,10,2021,378944,290,680290,20839,280217
5,insular,Galápagos,33042,13,3,2021,66627,0,68608,0,1981
7,costa,El Oro,715751,1,1,2022,601484,44617,1199970,14555,539314
4,costa,Sto. Domingo Tsáchilas,511151,42,10,2021,1937438,0,3749940,185429,1627073
3,sierra,Chimborazo,524004,34,8,2021,2241628,0,3310960,8499,1060833
4,costa,Sto. Domingo Tsáchilas,511151,23,6,2021,253308,0,330163,0,76855
5,costa,Los Ríos,921763,27,7,2021,446916,0,614818,0,167902
7,sierra,Loja,521154,11,3,2021,50513,0,51556,0,1043
1,sierra,Imbabura,476257,5,1,2022,2360481,472275,5208017,107430,2267831
9,sierra,Pichincha,3228233,6,2,2021,15827,0,15954,0,127
6,amazonia,Morona Santiago,196535,30,7,2021,403608,0,524881,0,121273
2,amazonia,Pastaza,114202,45,10,2021,63623,553,117774,4564,49034
3,sierra,Cotopaxi,488716,11,3,2021,29415,0,30220,0,805
2,amazonia,Napo,133705,45,11,2021,583711,3093,1023792,17228,419760
7,amazonia,Zamora Chinchipe,120416,5,1,2022,558369,87826,1145567,20192,479180
5,costa,Los Ríos,921763,13,3,2021,87662,0,95386,0,7724
6,sierra,Cañar,281396,34,8,2021,965336,0,1554675,554,588785
7,amazonia,Zamora Chinchipe,120416,40,10,2021,140620,0,253626,3260,109746
3,sierra,Chimborazo,524004,49,12,2021,1548755,84313,2892739,49938,1209733
4,costa,Sto. Domingo Tsáchilas,511151,27,7,2021,208925,0,303725,0,94800
4,costa,Sto. Domingo Tsáchilas,511151,18,4,2021,129151,0,155671,0,26520
1,sierra,Carchi,186869,10,3,2021,6612,0,6900,0,288
7,sierra,Loja,521154,20,5,2021,572952,0,685238,0,112286
1,costa,Esmeraldas,591083,6,1,2021,236,0,236,0,0
3,sierra,Chimborazo,524004,38,9,2021,2230894,0,4078112,65901,1781317
5,costa,Santa Elena,401178,14,3,2021,18260,0,20892,0,2632
3,sierra,Chimborazo,524004,36,9,2021,1262783,0,2238886,25295,950808
2,amazonia,Pastaza,114202,24,6,2021,93460,0,119118,0,25658
4,costa,Sto. Domingo Tsáchilas,511151,18,5,2021,23175,0,28748,0,5573
9,sierra,Pichincha,3228233,8,2,2021,40739,0,47290,0,6551
7,sierra,Loja,521154,48,11,2021,2942343,137705,5614460,27801,2506611
2,amazonia,Orellana,161338,11,3,2021,11336,0,11539,0,203
8,costa,Guayas,4387434,40,9,2021,12910816,0,24470675,403859,11156000
4,costa,Manabí,1562079,46,11,2021,8122130,47611,15018512,316983,6531788
7,amazonia,Zamora Chinchipe,120416,17,4,2021,54891,0,64414,0,9523
2,amazonia,Napo,133705,2,1,2022,766376,47992,1495158,25548,655242
2,amazonia,Pastaza,114202,42,10,2021,398555,0,758314,29153,330606
7,sierra,Loja,521154,21,5,2021,628060,0,795158,0,167098
1,sierra,Imbabura,476257,48,11,2021,2633263,92588,5070217,87782,2256584
2,amazonia,Orellana,161338,43,10,2021,712673,14,1303157,23602,566868
4,costa,Sto. Domingo Tsáchilas,511151,45,11,2021,1887473,9716,3464076,158862,1408025
1,costa,Esmeraldas,591083,40,9,2021,1637040,0,3092027,88983,1366004
4,costa,Manabí,1562079,36,8,2021,2967404,0,5338548,44601,2326543
2,amazonia,Sucumbíos,230503,5,1,2021,540,0,540,0,0
7,amazonia,Zamora Chinchipe,120416,53,12,2021,533022,37015,1032570,16535,445998
6,amazonia,Morona Santiago,196535,7,2,2021,1338,0,1338,0,0
2,amazonia,Pastaza,114202,33,8,2021,373247,0,526238,61,152930
2,amazonia,Orellana,161338,40,9,2021,488355,0,895783,11137,396291
3,sierra,Chimborazo,524004,12,3,2021,47532,0,52668,0,5136
5,costa,Santa Elena,401178,11,3,2021,11918,0,13110,0,1192
3,sierra,Cotopaxi,488716,18,5,2021,37233,0,41764,0,4531
3,sierra,Bolívar,209933,30,7,2021,733939,0,970301,0,236362
1,sierra,Imbabura,476257,32,8,2021,2138178,0,2706334,237,567919
5,insular,Galápagos,33042,41,10,2021,186996,0,366478,0,179482
4,costa,Sto. Domingo Tsáchilas,511151,10,3,2021,11620,0,12486,0,866
1,sierra,Carchi,186869,36,9,2021,587876,0,1036782,5825,443081
1,sierra,Carchi,186869,6,2,2021,588,0,588,0,0
7,amazonia,Zamora Chinchipe,120416,1,1,2022,88948,6441,172768,2784,74595
3,sierra,Cotopaxi,488716,4,1,2022,2766131,498766,5955251,203436,2486918
3,sierra,Cotopaxi,488716,24,6,2021,469097,0,644107,0,175010
6,sierra,Cañar,281396,32,8,2021,943192,0,1237915,0,294723
2,amazonia,Napo,133705,36,8,2021,256488,0,432396,4510,171398
6,sierra,Azuay,881394,35,8,2021,4032889,0,7202623,16157,3153577
5,costa,Los Ríos,921763,45,11,2021,3379163,719,6192925,140135,2672908
5,insular,Galápagos,33042,42,10,2021,187242,0,367139,0,179897
5,costa,Los Ríos,921763,22,5,2021,506208,0,633117,0,126909
5,costa,Los Ríos,921763,26,6,2021,887469,0,1215132,0,327663
6,amazonia,Morona Santiago,196535,50,12,2021,730256,40578,1426805,66670,589301
2,amazonia,Orellana,161338,5,1,2022,797752,79722,1573674,30235,665965
5,insular,Galápagos,33042,43,10,2021,191364,0,371648,0,180284
3,sierra,Bolívar,209933,34,8,2021,836365,0,1402330,7206,558759
6,sierra,Cañar,281396,45,10,2021,167659,819,304691,7616,128597
1,costa,Esmeraldas,591083,14,4,2021,30191,0,34811,0,4620
6,sierra,Cañar,281396,36,9,2021,544133,0,1005023,14949,445941
5,costa,Santa Elena,401178,7,2,2021,763,0,763,0,0
3,sierra,Cotopaxi,488716,10,2,2021,1505,0,1618,0,113
2,amazonia,Sucumbíos,230503,38,9,2021,866265,0,1610105,35766,708074
3,sierra,Chimborazo,524004,2,1,2022,2774717,322998,5616082,102424,2415943
3,sierra,Tungurahua,590600,52,12,2021,3307134,257877,6733344,195322,2973011
7,amazonia,Zamora Chinchipe,120416,41,10,2021,495651,0,893735,11684,386400
9,sierra,Pichincha,3228233,21,5,2021,2776528,0,3631097,0,854569
7,costa,El Oro,715751,29,7,2021,1884263,0,2438702,0,554439
7,sierra,Loja,521154,49,11,2021,1267699,69256,2458806,12192,1109659
5,costa,Santa Elena,401178,16,4,2021,50313,0,64753,0,14440
2,amazonia,Pastaza,114202,18,5,2021,6943,0,8407,0,1464
1,costa,Esmeraldas,591083,5,1,2021,1182,0,1182,0,0
5,costa,Santa Elena,401178,39,9,2021,1529564,0,2886737,43695,1313478
3,sierra,Cotopaxi,488716,40,10,2021,613459,0,1169733,41037,515237
2,amazonia,Orellana,161338,42,10,2021,698843,0,1287039,22656,565540
5,costa,Los Ríos,921763,51,12,2021,4539254,161063,8395821,179907,3515597
7,sierra,Loja,521154,37,9,2021,2490207,0,4622758,11415,2121136
6,sierra,Cañar,281396,5,1,2022,1190228,265172,2576805,54916,1066489
2,amazonia,Orellana,161338,48,11,2021,841715,6553,1502622,27689,626665
3,sierra,Chimborazo,524004,1,1,2022,395312,40758,792887,14091,342726
2,amazonia,Sucumbíos,230503,48,11,2021,1092861,23592,1999907,51689,831765
4,costa,Manabí,1562079,38,9,2021,6896884,0,13323238,240425,6185929
1,costa,Esmeraldas,591083,34,8,2021,2261648,0,3473105,11069,1200388
3,sierra,Bolívar,209933,35,8,2021,836465,0,1503897,18508,648924
3,sierra,Tungurahua,590600,23,5,2021,142608,0,187687,0,45079
2,amazonia,Orellana,161338,22,5,2021,120351,0,146343,0,25992
7,amazonia,Zamora Chinchipe,120416,39,9,2021,471411,0,855443,10219,373813
6,sierra,Azuay,881394,36,9,2021,2249642,0,4235619,22391,1963586
8,costa,Guayas,4387434,32,8,2021,16768143,0,21189062,0,4420919
1,sierra,Imbabura,476257,41,10,2021,2221850,0,4291838,73194,1996794
2,amazonia,Sucumbíos,230503,40,10,2021,257125,0,477567,11639,208803
8,costa,Guayas,4387434,27,7,2021,2145257,0,3121488,0,976231
3,sierra,Chimborazo,524004,45,11,2021,2120772,20103,3832380,69296,1622209
3,sierra,Tungurahua,590600,31,7,2021,2322032,0,2857517,0,535485
3,sierra,Cotopaxi,488716,23,6,2021,306852,0,406454,0,99602
1,costa,Esmeraldas,591083,44,10,2021,2590308,1243,4691407,143759,1956097
7,sierra,Loja,521154,36,8,2021,1078579,0,1925943,2194,845170
8,costa,Guayas,4387434,17,4,2021,1169952,0,1424453,0,254501
5,costa,Santa Elena,401178,40,9,2021,1118459,0,2097688,33203,946026
5,costa,Santa Elena,401178,5,1,2021,327,0,327,0,0
5,insular,Galápagos,33042,25,6,2021,201980,0,346125,0,144145
6,amazonia,Morona Santiago,196535,40,10,2021,157546,0,299356,12614,129196
2,amazonia,Pastaza,114202,23,5,2021,22742,0,29080,0,6338
6,sierra,Azuay,881394,40,9,2021,2849531,0,5467597,58689,2559377
5,insular,Galápagos,33042,3,1,2022,209331,93333,503029,0,200365
1,sierra,Imbabura,476257,14,4,2021,41159,0,47927,0,6768
5,costa,Los Ríos,921763,31,7,2021,2914897,0,3573051,0,658154
1,costa,Esmeraldas,591083,50,12,2021,2962785,75906,5570517,191753,2340073
6,sierra,Cañar,281396,30,7,2021,797142,0,1013648,0,216506
5,insular,Galápagos,33042,40,9,2021,133285,0,261074,64,127725
3,sierra,Cotopaxi,488716,3,1,2022,2745080,372723,5769079,199411,2451865
3,sierra,Cotopaxi,488716,27,6,2021,348112,0,514289,0,166177
6,amazonia,Morona Santiago,196535,15,4,2021,42882,0,51510,0,8628
2,amazonia,Sucumbíos,230503,20,5,2021,146014,0,178031,0,32017
8,costa,Guayas,4387434,22,5,2021,2704823,0,3612767,0,907944
9,sierra,Pichincha,3228233,11,3,2021,279544,0,300694,0,21150
6,amazonia,Morona Santiago,196535,4,1,2022,820487,111206,1689188,87108,670387
1,sierra,Imbabura,476257,29,7,2021,1203135,0,1583499,0,380364
3,sierra,Cotopaxi,488716,44,10,2021,2401616,6733,4395654,151223,1836082
3,sierra,Cotopaxi,488716,45,11,2021,2106701,10797,3832266,131469,1583299
4,costa,Manabí,1562079,14,4,2021,85336,0,101131,0,15795
3,sierra,Tungurahua,590600,37,9,2021,2581460,0,5018293,126197,2310636
8,costa,Guayas,4387434,3,1,2022,23495452,2081517,46656840,684505,20395366
4,costa,Manabí,1562079,40,9,2021,4982391,0,9651902,191279,4478232
7,amazonia,Zamora Chinchipe,120416,27,7,2021,66190,0,97572,0,31382
4,costa,Manabí,1562079,34,8,2021,6906985,0,10473375,1046,3565344
2,amazonia,Sucumbíos,230503,16,4,2021,66558,0,83834,0,17276
3,sierra,Bolívar,209933,28,7,2021,423987,0,620573,0,196586
1,costa,Esmeraldas,591083,3,1,2022,3077393,263109,6181383,221747,2619134
3,sierra,Chimborazo,524004,44,10,2021,2437691,9437,4399524,80160,1872236
7,amazonia,Zamora Chinchipe,120416,8,2,2021,2023,0,2023,0,0
9,sierra,Pichincha,3228233,1,1,2022,2770181,325775,5804701,57413,2651332
1,costa,Esmeraldas,591083,37,9,2021,2233206,0,4170896,94955,1842735
5,costa,Santa Elena,401178,31,7,2021,1409599,0,1706438,0,296839
1,sierra,Carchi,186869,17,4,2021,85110,0,108545,0,23435
5,costa,Los Ríos,921763,4,1,2022,4818370,380151,9359656,206221,3954914
9,sierra,Pichincha,3228233,34,8,2021,15709644,0,25511977,3385,9798948
5,insular,Galápagos,33042,17,4,2021,83349,0,117319,0,33970
5,insular,Galápagos,33042,16,4,2021,75439,0,108462,0,33023
2,amazonia,Napo,133705,22,5,2021,151151,0,186950,0,35799
5,insular,Galápagos,33042,40,10,2021,53370,0,104528,0,51158
2,amazonia,Orellana,161338,30,7,2021,458426,0,529393,0,70967
6,amazonia,Morona Santiago,196535,39,9,2021,537797,0,1026227,39402,449028
8,costa,Guayas,4387434,49,11,2021,9474990,182860,17607321,269650,7679821
6,sierra,Cañar,281396,6,1,2021,131,0,131,0,0
6,sierra,Cañar,281396,20,5,2021,168902,0,203161,0,34259
4,costa,Manabí,1562079,44,10,2021,7799392,15571,14551877,310447,6426467
3,sierra,Tungurahua,590600,8,2,2021,2576,0,2576,0,0
3,sierra,Bolívar,209933,5,1,2021,327,0,327,0,0
1,costa,Esmeraldas,591083,23,6,2021,298240,0,395701,0,97461
2,amazonia,Napo,133705,26,6,2021,205595,0,276918,0,71323
5,insular,Galápagos,33042,11,3,2021,23594,0,25085,0,1491
6,sierra,Cañar,281396,10,3,2021,6490,0,6886,0,396
6,sierra,Azuay,881394,27,6,2021,844695,0,1253942,0,409247
2,amazonia,Orellana,161338,38,9,2021,672676,0,1231179,13613,544890
7,costa,El Oro,715751,32,8,2021,3395427,0,4269757,0,874330
2,amazonia,Pastaza,114202,3,1,2022,523437,68224,1087784,44885,451238
6,amazonia,Morona Santiago,196535,10,2,2021,671,0,763,0,92
3,sierra,Cotopaxi,488716,43,10,2021,2287491,608,4254834,148466,1818269
3,sierra,Tungurahua,590600,39,9,2021,2608280,0,5116278,143667,2364331
3,sierra,Cotopaxi,488716,21,5,2021,337835,0,406095,0,68260
3,sierra,Tungurahua,590600,14,4,2021,32414,0,38354,0,5940
5,insular,Galápagos,33042,38,9,2021,219539,0,399090,0,179551
6,sierra,Cañar,281396,2,1,2022,1343876,166409,2761716,60119,1191312
5,costa,Santa Elena,401178,42,10,2021,1650374,0,3033440,44111,1338955
1,sierra,Imbabura,476257,14,3,2021,39402,0,46421,0,7019
1,costa,Esmeraldas,591083,30,7,2021,1718364,0,2035708,0,317344
2,amazonia,Napo,133705,41,10,2021,587048,0,1084673,18123,479502
1,sierra,Imbabura,476257,12,3,2021,36643,0,42808,0,6165
5,insular,Galápagos,33042,20,5,2021,181489,0,223329,0,41840
5,insular,Galápagos,33042,5,1,2022,180280,87637,440562,0,172645
6,sierra,Azuay,881394,2,1,2022,4974078,638767,10368760,114921,4640994
2,amazonia,Napo,133705,42,10,2021,597281,0,1097130,18836,481013
2,amazonia,Pastaza,114202,12,3,2021,3976,0,4762,0,786
2,amazonia,Pastaza,114202,47,11,2021,463129,8631,859810,33627,354423
3,sierra,Chimborazo,524004,24,6,2021,592487,0,836067,0,243580
3,sierra,Chimborazo,524004,18,4,2021,296160,0,344174,0,48014
7,amazonia,Zamora Chinchipe,120416,7,2,2021,2023,0,2023,0,0
7,sierra,Loja,521154,19,5,2021,519076,0,615811,0,96735
7,sierra,Loja,521154,6,2,2021,1740,0,1740,0,0
2,amazonia,Sucumbíos,230503,35,8,2021,867063,0,1426533,8845,550625
4,costa,Sto. Domingo Tsáchilas,511151,36,8,2021,763990,0,1432000,52772,615238
3,sierra,Bolívar,209933,38,9,2021,844127,0,1617104,35577,737400
7,costa,El Oro,715751,30,7,2021,2729159,0,3365640,0,636481
4,costa,Sto. Domingo Tsáchilas,511151,51,12,2021,2521019,82399,4843033,199554,2040061
2,amazonia,Sucumbíos,230503,26,6,2021,260970,0,339884,0,78914
9,sierra,Pichincha,3228233,33,8,2021,15704590,0,22620356,394,6915372
1,sierra,Carchi,186869,29,7,2021,610603,0,768981,0,158378
7,amazonia,Zamora Chinchipe,120416,43,10,2021,507983,0,918689,12792,397914
4,costa,Manabí,1562079,43,10,2021,7497611,5280,14172313,303128,6366294
5,costa,Los Ríos,921763,36,8,2021,1390289,0,2604320,37589,1176442
1,sierra,Carchi,186869,8,2,2021,1610,0,1751,0,141
2,amazonia,Napo,133705,6,2,2021,665,0,665,0,0
7,sierra,Loja,521154,34,8,2021,2497424,0,3994949,133,1497392
2,amazonia,Pastaza,114202,39,9,2021,381371,0,728373,22725,324277
6,sierra,Cañar,281396,35,8,2021,966121,0,1678572,6353,706098
7,costa,El Oro,715751,47,11,2021,4010997,65696,7405937,89106,3240138
9,sierra,Pichincha,3228233,3,1,2022,19520301,3578304,42288562,414159,18775798
2,amazonia,Napo,133705,16,4,2021,48453,0,60369,0,11916
3,sierra,Bolívar,209933,50,12,2021,1159721,76359,2155815,46221,873514
9,sierra,Pichincha,3228233,25,6,2021,4319512,0,6262549,0,1943037
7,amazonia,Zamora Chinchipe,120416,12,3,2021,11577,0,12779,0,1202
7,sierra,Loja,521154,40,9,2021,1788402,0,3385206,14978,1581826
6,sierra,Azuay,881394,45,10,2021,615962,7101,1169399,13658,532678
7,sierra,Loja,521154,46,11,2021,2874370,71478,5323715,26026,2351841
1,costa,Esmeraldas,591083,1,1,2022,433056,22745,850563,29912,364850
4,costa,Manabí,1562079,30,7,2021,4779689,0,5826607,0,1046918
3,sierra,Tungurahua,590600,11,3,2021,16840,0,18135,0,1295
5,insular,Galápagos,33042,14,3,2021,38084,0,39352,0,1268
2,amazonia,Pastaza,114202,14,4,2021,8613,0,9330,0,717
3,sierra,Tungurahua,590600,14,3,2021,39299,0,42111,0,2812
6,sierra,Azuay,881394,14,4,2021,98537,0,117669,0,19132
8,costa,Guayas,4387434,6,2,2021,14720,0,14720,0,0
3,sierra,Bolívar,209933,26,6,2021,331186,0,497375,0,166189
4,costa,Manabí,1562079,26,6,2021,1914851,0,2550564,0,635713
6,amazonia,Morona Santiago,196535,13,3,2021,30784,0,33559,0,2775
4,costa,Sto. Domingo Tsáchilas,511151,45,10,2021,313554,1489,575678,26477,234158
7,costa,El Oro,715751,35,8,2021,3449942,0,5964283,19929,2494412
9,sierra,Pichincha,3228233,20,5,2021,2494351,0,3093844,0,599493
9,sierra,Pichincha,3228233,30,7,2021,12279387,0,15728574,0,3449187
3,sierra,Bolívar,209933,27,7,2021,158281,0,238598,0,80317
7,amazonia,Zamora Chinchipe,120416,6,2,2021,1734,0,1734,0,0
6,amazonia,Morona Santiago,196535,31,7,2021,451951,0,586143,0,134192
3,sierra,Cotopaxi,488716,22,5,2021,387683,0,486840,0,99157
5,insular,Galápagos,33042,39,9,2021,191867,0,370676,64,178745
1,costa,Esmeraldas,591083,52,12,2021,3014374,132190,5866924,204983,2515377
3,sierra,Cotopaxi,488716,30,7,2021,1545815,0,1941065,0,395250
3,sierra,Tungurahua,590600,4,1,2021,119,0,119,0,0
6,sierra,Cañar,281396,11,3,2021,14298,0,15076,0,778
6,sierra,Azuay,881394,42,10,2021,4089780,0,7787666,92372,3605514
3,sierra,Cotopaxi,488716,2,1,2022,2720468,286157,5604994,194385,2403984
2,amazonia,Sucumbíos,230503,24,6,2021,179320,0,248360,0,69040
3,sierra,Chimborazo,524004,48,11,2021,2649925,107940,4860714,85067,2017782
4,costa,Manabí,1562079,20,5,2021,910364,0,1086393,0,176029
3,sierra,Cotopaxi,488716,48,11,2021,2625738,64604,4831653,170059,1971252
3,sierra,Cotopaxi,488716,36,8,2021,885834,0,1607624,28061,693729
5,costa,Los Ríos,921763,50,12,2021,4445592,119282,8146462,177163,3404425
6,sierra,Cañar,281396,33,8,2021,964396,0,1390966,0,426570
7,amazonia,Zamora Chinchipe,120416,25,6,2021,126846,0,180663,0,53817
1,sierra,Imbabura,476257,47,11,2021,2595563,63289,4863240,84422,2119966
4,costa,Manabí,1562079,3,1,2022,9151257,800887,18493017,379699,8161174
6,amazonia,Morona Santiago,196535,23,5,2021,40599,0,57063,0,16464
3,sierra,Cotopaxi,488716,10,3,2021,13719,0,14401,0,682
5,costa,Santa Elena,401178,32,8,2021,1459290,0,1862029,0,402739
2,amazonia,Napo,133705,49,12,2021,425568,11551,784893,13102,334672
5,costa,Los Ríos,921763,49,12,2021,2508344,47029,4556014,99822,1900819
9,sierra,Pichincha,3228233,19,5,2021,2183371,0,2658425,0,475054
1,costa,Esmeraldas,591083,18,4,2021,180719,0,212737,0,32018
1,sierra,Carchi,186869,40,9,2021,748778,0,1361817,16067,596972
1,sierra,Carchi,186869,38,9,2021,1035691,0,1874402,16048,822663
5,insular,Galápagos,33042,36,8,2021,95773,0,172579,0,76806
3,sierra,Bolívar,209933,6,1,2021,109,0,109,0,0
3,sierra,Tungurahua,590600,32,8,2021,2579654,0,3323622,0,743968
3,sierra,Chimborazo,524004,5,1,2021,1675,0,1675,0,0
3,sierra,Bolívar,209933,51,12,2021,1177332,96905,2230465,46723,909505
7,sierra,Loja,521154,52,12,2021,2997197,313283,6106442,33527,2762435
6,sierra,Cañar,281396,16,4,2021,65358,0,86272,0,20914
6,sierra,Azuay,881394,24,6,2021,1129467,0,1647757,0,518290
3,sierra,Chimborazo,524004,10,2,2021,1501,0,1636,0,135
4,costa,Sto. Domingo Tsáchilas,511151,14,3,2021,29488,0,34900,0,5412
6,sierra,Cañar,281396,52,12,2021,1330324,122559,2668070,58709,1156478
9,sierra,Pichincha,3228233,18,5,2021,271879,0,333315,0,61436
7,costa,El Oro,715751,11,3,2021,49742,0,51366,0,1624
5,costa,Los Ríos,921763,37,9,2021,3275070,0,6352762,139611,2938081
2,amazonia,Orellana,161338,8,2,2021,420,0,420,0,0
2,amazonia,Orellana,161338,40,10,2021,197654,0,361926,5190,159082
3,sierra,Cotopaxi,488716,51,12,2021,2691974,172568,5315831,184807,2266482
3,sierra,Chimborazo,524004,3,1,2022,2790077,413460,5762746,110053,2449156
1,sierra,Imbabura,476257,35,8,2021,2180046,0,3819616,16477,1623093
9,sierra,Pichincha,3228233,51,12,2021,19258928,1517942,39161174,389722,17994582
2,amazonia,Sucumbíos,230503,41,10,2021,907764,0,1682446,42122,732560
8,costa,Guayas,4387434,2,1,2022,23208350,1644110,45582953,667928,20062565
1,sierra,Imbabura,476257,16,4,2021,142995,0,168903,0,25908
6,amazonia,Morona Santiago,196535,29,7,2021,318056,0,434221,0,116165
3,sierra,Tungurahua,590600,21,5,2021,410392,0,507800,0,97408
7,sierra,Loja,521154,18,5,2021,69716,0,83078,0,13362
5,costa,Santa Elena,401178,43,10,2021,1672971,151,3068641,45913,1349606
6,sierra,Azuay,881394,14,3,2021,120297,0,141139,0,20842
7,sierra,Loja,521154,30,7,2021,1947752,0,2624882,0,677130
3,sierra,Chimborazo,524004,14,4,2021,49345,0,55018,0,5673
6,sierra,Cañar,281396,14,4,2021,24104,0,27384,0,3280
6,sierra,Azuay,881394,18,4,2021,541762,0,658343,0,116581
4,costa,Manabí,1562079,10,3,2021,49227,0,52368,0,3141
2,amazonia,Orellana,161338,18,4,2021,54882,0,65496,0,10614
2,amazonia,Napo,133705,29,7,2021,353283,0,437780,0,84497
5,insular,Galápagos,33042,30,7,2021,210557,0,366202,0,155645
7,costa,El Oro,715751,5,1,2022,3674271,604792,7741837,109453,3353321
2,amazonia,Pastaza,114202,52,12,2021,510319,38497,1022430,40102,433512
5,insular,Galápagos,33042,4,1,2022,209828,99142,509847,0,200877
3,sierra,Tungurahua,590600,50,12,2021,3266672,160047,6361878,191200,2743959
3,sierra,Cotopaxi,488716,46,11,2021,2517607,21079,4549510,156172,1854652
3,sierra,Cotopaxi,488716,9,2,2021,5474,0,5818,0,344
3,sierra,Bolívar,209933,6,2,2021,654,0,654,0,0
9,sierra,Pichincha,3228233,40,9,2021,11463716,0,22182600,247475,10471409
7,costa,El Oro,715751,42,10,2021,3555784,0,6692577,83727,3053066
6,sierra,Azuay,881394,47,11,2021,4499898,150504,8627583,98832,3878349
5,costa,Santa Elena,401178,8,2,2021,3217,0,3383,0,166
4,costa,Manabí,1562079,4,1,2022,9210792,999326,18861066,393572,8257376
5,insular,Galápagos,33042,48,11,2021,205957,11614,409519,0,191948
2,amazonia,Napo,133705,38,9,2021,578536,0,1053687,15509,459642
3,sierra,Tungurahua,590600,12,3,2021,37409,0,39220,0,1811
2,amazonia,Pastaza,114202,14,3,2021,10859,0,11815,0,956
1,costa,Esmeraldas,591083,43,10,2021,2429595,204,4509861,138640,1941422
6,amazonia,Morona Santiago,196535,19,5,2021,121380,0,141180,0,19800
3,sierra,Chimborazo,524004,37,9,2021,2214893,0,4016940,57941,1744106
6,amazonia,Morona Santiago,196535,8,2,2021,1358,0,1358,0,0
3,sierra,Bolívar,209933,31,7,2021,804182,0,1058554,0,254372
8,costa,Guayas,4387434,23,6,2021,2094960,0,3024813,0,929853
7,costa,El Oro,715751,6,1,2021,40,0,40,0,0
4,costa,Sto. Domingo Tsáchilas,511151,41,10,2021,1892654,0,3700890,185347,1622889
3,sierra,Tungurahua,590600,22,5,2021,484641,0,614122,0,129481
5,insular,Galápagos,33042,27,7,2021,86977,0,152835,0,65858
2,amazonia,Sucumbíos,230503,13,3,2021,36264,0,38602,0,2338
4,costa,Manabí,1562079,18,5,2021,100761,0,118048,0,17287
4,costa,Sto. Domingo Tsáchilas,511151,32,8,2021,1741054,0,2116334,0,375280
2,amazonia,Pastaza,114202,34,8,2021,375485,0,583050,760,206805
2,amazonia,Pastaza,114202,16,4,2021,24346,0,27274,0,2928
3,sierra,Tungurahua,590600,5,1,2022,2877322,626306,6388162,192630,2691904
2,amazonia,Pastaza,114202,40,9,2021,278198,0,529978,18153,233627
6,sierra,Cañar,281396,23,5,2021,61668,0,84432,0,22764
4,costa,Sto. Domingo Tsáchilas,511151,21,5,2021,279930,0,363788,0,83858
7,costa,El Oro,715751,39,9,2021,3419089,0,6501830,73834,3008907
3,sierra,Bolívar,209933,32,8,2021,836027,0,1174818,0,338791
1,sierra,Imbabura,476257,10,3,2021,19424,0,20390,0,966
2,amazonia,Orellana,161338,47,11,2021,815407,4536,1433161,25324,587894
2,amazonia,Sucumbíos,230503,27,7,2021,124582,0,160787,0,36205
4,costa,Manabí,1562079,42,10,2021,7243986,0,13865991,295628,6326377
1,sierra,Imbabura,476257,4,1,2022,2744270,484657,5984696,123547,2632222
3,sierra,Chimborazo,524004,53,12,2021,2368629,235427,4732306,83269,2044981
7,amazonia,Zamora Chinchipe,120416,46,11,2021,563655,3621,995532,13963,414293
6,amazonia,Morona Santiago,196535,2,1,2022,771610,70699,1558500,76282,639909
1,sierra,Imbabura,476257,31,7,2021,1968509,0,2460119,0,491610
6,amazonia,Morona Santiago,196535,16,4,2021,48793,0,63148,0,14355
2,amazonia,Sucumbíos,230503,42,10,2021,915370,0,1694937,43395,736172
7,costa,El Oro,715751,45,11,2021,3346524,20046,6110348,74681,2669097
1,sierra,Imbabura,476257,33,8,2021,2178975,0,2987362,324,808063
7,sierra,Loja,521154,3,1,2022,3027470,497264,6404643,41047,2838862
9,sierra,Pichincha,3228233,9,2,2021,82519,0,90964,0,8445
9,sierra,Pichincha,3228233,15,4,2021,808405,0,1024526,0,216121
5,costa,Los Ríos,921763,40,9,2021,2473689,0,4729836,107164,2148983
3,sierra,Bolívar,209933,33,8,2021,836269,0,1305319,0,469050
9,sierra,Pichincha,3228233,45,11,2021,15429251,179070,29143461,310741,13224399
6,sierra,Cañar,281396,48,11,2021,1265029,40048,2410909,55051,1050781
3,sierra,Bolívar,209933,5,1,2022,1054853,175995,2172277,42683,898746
2,amazonia,Napo,133705,36,9,2021,328355,0,580649,6975,245319
6,amazonia,Morona Santiago,196535,41,10,2021,557918,0,1057803,46598,453287
2,amazonia,Orellana,161338,37,9,2021,662685,0,1208437,13301,532451
2,amazonia,Sucumbíos,230503,12,3,2021,20902,0,22876,0,1974
6,amazonia,Morona Santiago,196535,36,9,2021,296753,0,547335,12077,238505
3,sierra,Cotopaxi,488716,33,8,2021,2054377,0,2872924,0,818547
3,sierra,Tungurahua,590600,36,8,2021,1120107,0,2066525,33423,912995
2,amazonia,Orellana,161338,34,8,2021,676464,0,974802,731,297607
3,sierra,Tungurahua,590600,34,8,2021,2600941,0,4099261,8793,1489527
1,sierra,Imbabura,476257,23,5,2021,138990,0,193152,0,54162
3,sierra,Chimborazo,524004,52,12,2021,2754789,246839,5436663,94381,2340654
3,sierra,Bolívar,209933,8,2,2021,1936,0,2101,0,165
5,costa,Los Ríos,921763,49,11,2021,1850707,23550,3346147,74144,1397746
7,sierra,Loja,521154,17,4,2021,348761,0,415598,0,66837
7,sierra,Loja,521154,24,6,2021,770412,0,1130439,0,360027
6,sierra,Azuay,881394,17,4,2021,525057,0,636492,0,111435
6,amazonia,Morona Santiago,196535,17,4,2021,67829,0,85772,0,17943
9,sierra,Pichincha,3228233,10,3,2021,137440,0,147024,0,9584
1,costa,Esmeraldas,591083,39,9,2021,2255856,0,4271946,117772,1898318
6,sierra,Cañar,281396,28,7,2021,389436,0,573766,0,184330
5,insular,Galápagos,33042,19,5,2021,151577,0,189304,0,37727
5,insular,Galápagos,33042,2,1,2022,208970,85910,494874,0,199994
7,amazonia,Zamora Chinchipe,120416,23,5,2021,30537,0,40150,0,9613
5,costa,Los Ríos,921763,5,1,2022,4159639,377594,8159262,179957,3442072
1,costa,Esmeraldas,591083,35,8,2021,2262003,0,3805966,39402,1504561
7,amazonia,Zamora Chinchipe,120416,32,8,2021,435785,0,572958,0,137173
3,sierra,Chimborazo,524004,15,4,2021,144482,0,167008,0,22526
1,sierra,Carchi,186869,23,5,2021,67749,0,93235,0,25486
5,costa,Los Ríos,921763,1,1,2022,664812,31207,1255473,26565,532889
4,costa,Manabí,1562079,19,5,2021,817557,0,955625,0,138068
4,costa,Manabí,1562079,6,1,2021,988,0,988,0,0
6,sierra,Azuay,881394,19,5,2021,772894,0,934512,0,161618
1,costa,Esmeraldas,591083,27,7,2021,289999,0,385402,0,95403
2,amazonia,Pastaza,114202,21,5,2021,67662,0,82390,0,14728
7,sierra,Loja,521154,18,4,2021,367642,0,437264,0,69622
2,amazonia,Orellana,161338,21,5,2021,115864,0,133391,0,17527
5,insular,Galápagos,33042,34,8,2021,223412,0,391615,0,168203
8,costa,Guayas,4387434,10,2,2021,18152,0,19616,0,1464
1,sierra,Carchi,186869,49,11,2021,516141,17985,941434,18493,388815
6,sierra,Cañar,281396,26,6,2021,308640,0,455281,0,146641
3,sierra,Bolívar,209933,36,9,2021,469290,0,894045,16847,407908
8,costa,Guayas,4387434,21,5,2021,2477662,0,3136440,0,658778
2,amazonia,Sucumbíos,230503,39,9,2021,874267,0,1633496,37175,722054
7,sierra,Loja,521154,53,12,2021,2574357,294996,5285830,30184,2386293
7,amazonia,Zamora Chinchipe,120416,28,7,2021,186353,0,265927,0,79574
3,sierra,Bolívar,209933,39,9,2021,901937,0,1668349,36207,730205
4,costa,Sto. Domingo Tsáchilas,511151,30,7,2021,1391447,0,1643487,0,252040
6,sierra,Azuay,881394,20,5,2021,836198,0,1035733,0,199535
2,amazonia,Orellana,161338,36,8,2021,289917,0,494824,2736,202171
4,costa,Sto. Domingo Tsáchilas,511151,22,5,2021,331121,0,426385,0,95264
7,costa,El Oro,715751,14,3,2021,74656,0,84979,0,10323
4,costa,Manabí,1562079,25,6,2021,1736352,0,2322466,0,586114
5,insular,Galápagos,33042,31,7,2021,216462,0,373447,0,156985
4,costa,Manabí,1562079,18,4,2021,541986,0,630149,0,88163
3,sierra,Cotopaxi,488716,5,1,2022,2379101,513879,5217116,176230,2147906
4,costa,Sto. Domingo Tsáchilas,511151,9,2,2021,10948,0,11956,0,1008
5,insular,Galápagos,33042,18,4,2021,84824,0,115361,0,30537
1,sierra,Imbabura,476257,34,8,2021,2179825,0,3430308,2707,1247776
3,sierra,Cotopaxi,488716,52,12,2021,2700673,212512,5440720,187948,2339587
4,costa,Sto. Domingo Tsáchilas,511151,14,4,2021,24354,0,28422,0,4068
6,amazonia,Morona Santiago,196535,12,3,2021,25163,0,26030,0,867
1,sierra,Imbabura,476257,13,3,2021,52433,0,63602,0,11169
7,amazonia,Zamora Chinchipe,120416,40,9,2021,344458,0,623920,7836,271626
2,amazonia,Pastaza,114202,20,5,2021,62970,0,74253,0,11283
3,sierra,Chimborazo,524004,4,1,2021,3,0,3,0,0
7,costa,El Oro,715751,43,10,2021,3644219,0,6797602,85324,3068059
6,sierra,Cañar,281396,40,9,2021,715011,0,1339220,33960,590249
9,sierra,Pichincha,3228233,5,1,2022,16812035,4315011,37730709,361756,16241907
6,sierra,Cañar,281396,18,4,2021,99034,0,122764,0,23730
3,sierra,Cotopaxi,488716,18,4,2021,167024,0,189569,0,22545
4,costa,Sto. Domingo Tsáchilas,511151,37,9,2021,1794585,0,3510201,158858,1556758
1,costa,Esmeraldas,591083,31,7,2021,2001363,0,2365853,0,364490
3,sierra,Chimborazo,524004,8,2,2021,5637,0,6042,0,405
2,amazonia,Pastaza,114202,35,8,2021,377444,0,634071,4004,252623
3,sierra,Chimborazo,524004,36,8,2021,967017,0,1645785,13547,665221
5,costa,Los Ríos,921763,47,11,2021,4096758,19077,7443300,169329,3158136
1,sierra,Imbabura,476257,8,2,2021,5040,0,5509,0,469
1,sierra,Imbabura,476257,19,5,2021,363832,0,424060,0,60228
9,sierra,Pichincha,3228233,7,2,2021,21545,0,24401,0,2856
5,costa,Los Ríos,921763,8,2,2021,6528,0,7156,0,628
6,sierra,Cañar,281396,22,5,2021,210157,0,273957,0,63800
5,costa,Los Ríos,921763,2,1,2022,4685559,247819,8898059,189794,3774887
4,costa,Sto. Domingo Tsáchilas,511151,5,1,2022,2264111,236107,4670878,206986,1963674
1,costa,Esmeraldas,591083,9,2,2021,12222,0,12944,0,722
3,sierra,Chimborazo,524004,6,2,2021,1674,0,1674,0,0
1,sierra,Carchi,186869,50,12,2021,1206836,65013,2265326,45619,947858
2,amazonia,Sucumbíos,230503,31,7,2021,749792,0,890588,0,140796
6,amazonia,Morona Santiago,196535,49,12,2021,414559,20109,804594,37410,332516
6,sierra,Cañar,281396,53,12,2021,1145475,120473,2326327,50816,1009563
4,costa,Manabí,1562079,29,7,2021,3605941,0,4581435,0,975494
2,amazonia,Orellana,161338,18,5,2021,11093,0,13200,0,2107
1,sierra,Imbabura,476257,40,9,2021,1560825,0,3031274,49537,1420912
8,costa,Guayas,4387434,36,9,2021,9828561,0,18249554,186783,8234210
1,sierra,Carchi,186869,49,12,2021,688681,30799,1271815,25425,526910
4,costa,Manabí,1562079,49,12,2021,5020489,114193,9411117,189615,4086820
6,sierra,Cañar,281396,23,6,2021,164790,0,226898,0,62108
6,sierra,Azuay,881394,16,4,2021,370739,0,456390,0,85651
1,sierra,Imbabura,476257,10,2,2021,3092,0,3253,0,161
6,sierra,Cañar,281396,3,1,2022,1361839,214686,2853378,61955,1214898
2,amazonia,Pastaza,114202,53,12,2021,439626,36948,889481,34912,377995
1,costa,Esmeraldas,591083,20,5,2021,336563,0,383948,0,47385
8,costa,Guayas,4387434,19,5,2021,1906219,0,2267321,0,361102
2,amazonia,Pastaza,114202,36,8,2021,162137,0,288435,3044,123254
8,costa,Guayas,4387434,9,2,2021,99920,0,107701,0,7781
2,amazonia,Sucumbíos,230503,50,12,2021,1130050,38834,2124823,55718,900221
2,amazonia,Orellana,161338,16,4,2021,35112,0,43309,0,8197
9,sierra,Pichincha,3228233,47,11,2021,18692550,495204,35539256,369179,15982323
7,sierra,Loja,521154,38,9,2021,2505009,0,4684546,15570,2163967
7,amazonia,Zamora Chinchipe,120416,37,9,2021,463847,0,824102,7626,352629
3,sierra,Bolívar,209933,47,11,2021,1050141,18238,1897775,43853,785543
6,amazonia,Morona Santiago,196535,40,9,2021,389423,0,741898,30209,322266
7,costa,El Oro,715751,27,7,2021,407784,0,593574,0,185790
1,costa,Esmeraldas,591083,23,5,2021,110614,0,147357,0,36743
6,sierra,Cañar,281396,10,2,2021,901,0,967,0,66
1,sierra,Carchi,186869,18,5,2021,26267,0,30090,0,3823
3,sierra,Chimborazo,524004,16,4,2021,201948,0,228971,0,27023
6,sierra,Cañar,281396,15,4,2021,59102,0,71672,0,12570
7,sierra,Loja,521154,23,6,2021,511019,0,730844,0,219825
2,amazonia,Sucumbíos,230503,33,8,2021,866941,0,1201807,0,334866
2,amazonia,Napo,133705,18,4,2021,70695,0,85196,0,14501
7,costa,El Oro,715751,6,2,2021,2808,0,2808,0,0
8,costa,Guayas,4387434,45,11,2021,17459196,18695,32125816,535252,14112673
5,insular,Galápagos,33042,21,5,2021,186600,0,247431,0,60831
7,amazonia,Zamora Chinchipe,120416,49,11,2021,257105,6482,466550,6713,196250
4,costa,Sto. Domingo Tsáchilas,511151,19,5,2021,186144,0,227724,0,41580
7,costa,El Oro,715751,3,1,2022,4251898,516175,8729136,113573,3847490
3,sierra,Tungurahua,590600,3,1,2022,3336262,507669,7141446,212593,3084922
5,costa,Los Ríos,921763,45,10,2021,561599,61,1030027,23245,445122
2,amazonia,Sucumbíos,230503,45,11,2021,854184,4216,1545901,40446,647055
9,sierra,Pichincha,3228233,50,12,2021,19190950,1173577,38282251,385310,17532414
7,sierra,Loja,521154,40,10,2021,725592,0,1368414,6364,636458
6,amazonia,Morona Santiago,196535,10,3,2021,5206,0,5758,0,552
7,amazonia,Zamora Chinchipe,120416,51,12,2021,615136,30347,1161214,18209,497522
2,amazonia,Pastaza,114202,11,3,2021,3360,0,4004,0,644
2,amazonia,Pastaza,114202,26,6,2021,111406,0,149555,0,38149
1,sierra,Carchi,186869,25,6,2021,267261,0,388480,0,121219
3,sierra,Cotopaxi,488716,26,6,2021,568103,0,846787,0,278684
2,amazonia,Napo,133705,4,1,2022,777555,67589,1545471,26554,673773
7,costa,El Oro,715751,44,10,2021,3828767,10507,7020970,86463,3095233
6,sierra,Cañar,281396,27,7,2021,143802,0,215498,0,71696
1,sierra,Imbabura,476257,53,12,2021,2313035,201225,4797784,86509,2197015
5,costa,Santa Elena,401178,29,7,2021,921174,0,1140280,0,219106
4,costa,Manabí,1562079,40,10,2021,2014679,0,3893202,79675,1798848
3,sierra,Tungurahua,590600,27,7,2021,362216,0,524333,0,162117
7,costa,El Oro,715751,4,1,2022,4273928,615978,8899714,122360,3887448
3,sierra,Chimborazo,524004,25,6,2021,657350,0,953660,0,296310
2,amazonia,Sucumbíos,230503,11,3,2021,8052,0,8646,0,594
3,sierra,Cotopaxi,488716,49,11,2021,1136374,37075,2123795,74442,875904
6,amazonia,Morona Santiago,196535,27,7,2021,87177,0,129820,0,42643
3,sierra,Bolívar,209933,15,4,2021,60551,0,71829,0,11278
6,amazonia,Morona Santiago,196535,28,7,2021,231018,0,335726,0,104708
7,amazonia,Zamora Chinchipe,120416,45,11,2021,470419,1438,832645,11604,349184
3,sierra,Tungurahua,590600,49,12,2021,1858898,71123,3565420,107894,1527505
1,costa,Esmeraldas,591083,10,2,2021,1746,0,1862,0,116
7,costa,El Oro,715751,49,12,2021,2355511,86697,4521781,52813,2026760
3,sierra,Bolívar,209933,53,12,2021,1024121,106770,2009811,40505,838415
7,costa,El Oro,715751,51,12,2021,4163770,212563,8133579,96216,3661030
2,amazonia,Pastaza,114202,8,2,2021,1288,0,1288,0,0
3,sierra,Chimborazo,524004,20,5,2021,443391,0,537513,0,94122
5,costa,Santa Elena,401178,4,1,2022,2144033,203123,4185513,71849,1766508
6,amazonia,Morona Santiago,196535,14,4,2021,16944,0,19392,0,2448
2,amazonia,Pastaza,114202,41,10,2021,394593,0,751378,27709,329076
2,amazonia,Napo,133705,24,6,2021,156354,0,216824,0,60470
4,costa,Sto. Domingo Tsáchilas,511151,31,7,2021,1614684,0,1902967,0,288283
1,sierra,Imbabura,476257,45,10,2021,351618,1085,653523,11442,289378
3,sierra,Bolívar,209933,25,6,2021,284365,0,431027,0,146662
3,sierra,Tungurahua,590600,35,8,2021,2608194,0,4534055,41379,1884482
9,sierra,Pichincha,3228233,37,9,2021,15554330,0,30065838,246028,14265480
9,sierra,Pichincha,3228233,49,11,2021,8181755,343530,16015896,162084,7328527
2,amazonia,Orellana,161338,23,5,2021,34408,0,44669,0,10261
5,insular,Galápagos,33042,6,2,2021,2406,0,2406,0,0
7,costa,El Oro,715751,52,12,2021,4186833,253682,8259865,98232,3721118
3,sierra,Bolívar,209933,9,2,2021,3500,0,3885,0,385
3,sierra,Bolívar,209933,16,4,2021,65594,0,81020,0,15426
2,amazonia,Napo,133705,34,8,2021,598472,0,879047,727,279848
3,sierra,Tungurahua,590600,13,3,2021,50975,0,55886,0,4911
6,sierra,Azuay,881394,49,11,2021,2087612,99913,4017941,45239,1785177
4,costa,Sto. Domingo Tsáchilas,511151,38,9,2021,1806939,0,3564618,167401,1590278
8,costa,Guayas,4387434,51,12,2021,22727524,957771,43345816,641063,19019458
5,costa,Los Ríos,921763,30,7,2021,2330765,0,2897068,0,566303
7,amazonia,Zamora Chinchipe,120416,3,1,2022,635696,73601,1272250,21091,541862
8,costa,Guayas,4387434,40,10,2021,5320127,0,9969304,168710,4480467
4,costa,Sto. Domingo Tsáchilas,511151,1,1,2022,365537,18502,720255,29601,306615
4,costa,Sto. Domingo Tsáchilas,511151,6,1,2021,288,0,288,0,0
7,amazonia,Zamora Chinchipe,120416,26,6,2021,140505,0,202191,0,61686
7,costa,El Oro,715751,37,9,2021,3393456,0,6374064,56069,2924539
3,sierra,Chimborazo,524004,35,8,2021,2244684,0,3618892,18346,1355862
5,costa,Santa Elena,401178,20,5,2021,167877,0,191815,0,23938
4,costa,Manabí,1562079,33,8,2021,6904705,0,9462892,1,2558186
2,amazonia,Napo,133705,15,4,2021,37617,0,48347,0,10730
2,amazonia,Sucumbíos,230503,22,5,2021,162730,0,205561,0,42831
6,sierra,Cañar,281396,47,11,2021,1210707,30648,2249129,53816,953958
1,costa,Esmeraldas,591083,46,11,2021,2730357,12422,4870287,150338,1977170
2,amazonia,Napo,133705,46,11,2021,695312,7088,1215756,20535,492821
9,sierra,Pichincha,3228233,23,5,2021,942998,0,1329606,0,386608
5,costa,Santa Elena,401178,9,2,2021,6489,0,6877,0,388
5,costa,Los Ríos,921763,24,6,2021,623278,0,861766,0,238488
5,costa,Los Ríos,921763,17,4,2021,206636,0,252912,0,46276
7,amazonia,Zamora Chinchipe,120416,15,4,2021,18541,0,25620,0,7079
6,sierra,Azuay,881394,37,9,2021,3943397,0,7499825,55170,3501258
2,amazonia,Napo,133705,31,7,2021,528832,0,628370,0,99538
4,costa,Manabí,1562079,47,11,2021,8388367,80393,15463633,321315,6673558
7,amazonia,Zamora Chinchipe,120416,16,4,2021,27966,0,36687,0,8721
5,insular,Galápagos,33042,52,12,2021,208222,77546,484346,0,198578
6,amazonia,Morona Santiago,196535,23,6,2021,102630,0,147908,0,45278
8,costa,Guayas,4387434,18,4,2021,1269063,0,1543906,0,274843
7,sierra,Loja,521154,51,12,2021,2989223,275700,6022854,32141,2725790
9,sierra,Pichincha,3228233,27,7,2021,2343582,0,3420911,0,1077329
2,amazonia,Orellana,161338,7,2,2021,420,0,420,0,0
1,sierra,Imbabura,476257,36,8,2021,934467,0,1711990,11134,766389
6,amazonia,Morona Santiago,196535,46,11,2021,648406,8280,1200621,55965,487970
4,costa,Manabí,1562079,45,10,2021,1130296,2872,2098891,44749,920974
2,amazonia,Pastaza,114202,10,2,2021,480,0,572,0,92
4,costa,Sto. Domingo Tsáchilas,511151,15,4,2021,72959,0,85405,0,12446
1,costa,Esmeraldas,591083,32,8,2021,2225344,0,2719464,0,494120
6,sierra,Cañar,281396,4,1,2021,262,0,262,0,0
1,sierra,Imbabura,476257,21,5,2021,423516,0,530482,0,106966
2,amazonia,Sucumbíos,230503,52,12,2021,1154353,53205,2216825,58630,950637
2,amazonia,Orellana,161338,4,1,2022,924699,76022,1805328,35242,769365
9,sierra,Pichincha,3228233,44,10,2021,17618510,141785,33369100,361278,15247527
5,insular,Galápagos,33042,37,9,2021,218960,0,398644,0,179684
1,costa,Esmeraldas,591083,49,12,2021,1683657,33624,3129156,106710,1305165
2,amazonia,Sucumbíos,230503,49,11,2021,474032,12065,875419,22813,366509
3,sierra,Cotopaxi,488716,6,2,2021,1200,0,1200,0,0
2,amazonia,Pastaza,114202,7,2,2021,1288,0,1288,0,0
5,insular,Galápagos,33042,47,11,2021,204991,9110,397890,0,183789
3,sierra,Chimborazo,524004,27,6,2021,439760,0,633515,0,193755
5,costa,Los Ríos,921763,23,5,2021,148942,0,191516,0,42574
5,insular,Galápagos,33042,44,10,2021,202239,0,382707,0,180468
4,costa,Manabí,1562079,51,12,2021,8937903,332347,17211100,343050,7597800
5,costa,Santa Elena,401178,10,3,2021,6858,0,7194,0,336
6,sierra,Cañar,281396,25,6,2021,286588,0,416989,0,130401
2,amazonia,Sucumbíos,230503,15,4,2021,57788,0,67961,0,10173
3,sierra,Chimborazo,524004,33,8,2021,2238078,0,3060851,2592,820181
6,amazonia,Morona Santiago,196535,24,6,2021,150568,0,218844,0,68276
2,amazonia,Orellana,161338,13,3,2021,21325,0,23546,0,2221
1,sierra,Carchi,186869,21,5,2021,220427,0,261605,0,41178
2,amazonia,Pastaza,114202,22,5,2021,76971,0,95641,0,18670
3,sierra,Chimborazo,524004,18,5,2021,56633,0,67036,0,10403
2,amazonia,Napo,133705,21,5,2021,146103,0,173574,0,27471
2,amazonia,Sucumbíos,230503,8,2,2021,2190,0,2349,0,159
5,costa,Santa Elena,401178,14,4,2021,15609,0,19306,0,3697
1,sierra,Imbabura,476257,3,1,2022,2725173,378720,5830240,117286,2609061
5,costa,Santa Elena,401178,15,4,2021,42931,0,51919,0,8988
3,sierra,Chimborazo,524004,6,1,2021,279,0,279,0,0
3,sierra,Bolívar,209933,12,3,2021,23771,0,25521,0,1750
3,sierra,Tungurahua,590600,27,6,2021,454785,0,646169,0,191384
2,amazonia,Napo,133705,1,1,2022,109164,6195,211934,3620,92955
7,sierra,Loja,521154,9,2,2021,9538,0,10412,0,874
1,sierra,Carchi,186869,34,8,2021,1067172,0,1584219,179,516868
8,costa,Guayas,4387434,43,10,2021,19410488,261,36005778,620034,15974995
7,amazonia,Zamora Chinchipe,120416,20,5,2021,85631,0,100869,0,15238
3,sierra,Cotopaxi,488716,25,6,2021,513885,0,759302,0,245417
6,sierra,Azuay,881394,18,5,2021,101955,0,122863,0,20908
4,costa,Sto. Domingo Tsáchilas,511151,20,5,2021,227104,0,288814,0,61710
6,sierra,Cañar,281396,31,7,2021,893727,0,1131540,0,237813
9,sierra,Pichincha,3228233,39,9,2021,15851398,0,30791552,334167,14605987
1,costa,Esmeraldas,591083,10,3,2021,12500,0,13196,0,696
9,sierra,Pichincha,3228233,6,1,2021,1776,0,1776,0,0
8,costa,Guayas,4387434,14,3,2021,293328,0,356750,0,63422
8,costa,Guayas,4387434,5,1,2021,9703,0,9703,0,0
